MP Name,Constituency,State,House,num_vendors,num_transactions,total_expenditure_ledger,top_vendor,top_vendor_share_pct,vendor_hhi,round_amount_txn_pct,payment_inprogress_pct,same_day_same_vendor_clusters
AASHTIKAR PATIL NAGESH BAPURAO,HINGOLI,Maharashtra,Lok Sabha,25,68,67522042.0,SAIBABA STONE CRUSHER AND CONSTRUCTION,30.6,12.96,0.0,0.0,11
ABDUL RASHID SHEIKH,BARAMULLAH,Jammu And Kashmir,Lok Sabha,38,70,27714021.0,MADIHA TRADERS,12.89,6.65,10.0,4.29,11
ABHAY KUMAR SINHA,AURANGABAD,Bihar,Lok Sabha,11,159,73566109.0,LITTLE GENIUS AGENCIES,27.14,19.4,25.16,0.0,12
ABHIJIT GANGOPADHYAY,TAMLUK,West Bengal,Lok Sabha,85,128,41397394.78,MANDAL ENTERPRISE,6.39,1.83,3.12,4.69,8
ADHIKARI SOUMENDU,KANTHI,West Bengal,Lok Sabha,2,31,38304241.0,GLOSIA ENERGY INDIA PRIVATE LIMITED,79.7,67.64,0.0,0.0,9
ADITYA YADAV,BADAUN,Uttar Pradesh,Lok Sabha,9,207,90991162.0,Jagdish Narayan,31.36,19.31,0.0,10.14,40
ADV GOWAAL KAGADA PADAVI,NANDURBAR,Maharashtra,Lok Sabha,3,189,32041066.0,SWAMI POWERTECH,57.67,43.17,0.0,0.0,9
ADV K FRANCIS GEORGE,KOTTAYAM,Kerala,Lok Sabha,52,82,37467974.0,TATA MOTORS,11.77,4.03,6.1,2.44,7
AFZAL ANSARI,GHAZIPUR,Uttar Pradesh,Lok Sabha,35,286,107091112.0,SHYAM SOLAR TRADING,41.77,20.64,1.05,0.35,34
AGA SYED RUHULLAH MEHDI,SRINAGAR,Jammu And Kashmir,Lok Sabha,51,80,20822671.0,Alyas ahmad mir,12.86,4.17,5.0,18.75,8
AJENDRA SINGH LODHI,HAMIRPUR,Uttar Pradesh,Lok Sabha,19,104,48355823.0,KUNAL TRADERS,25.26,14.64,0.0,15.38,16
AKHILESH YADAV,KANNAUJ,Uttar Pradesh,Lok Sabha,27,92,32453607.0,MS BHARTIYA CONSTRUCTION,14.46,7.83,5.43,7.61,12
AKSHAYA YADAV,FIROZABAD,Uttar Pradesh,Lok Sabha,3,83,95931875.0,MS RAJ KAMAL CONSTRUCTIONS,72.76,56.74,0.0,0.0,12
ALFRED KANNGAM S ARTHUR,OUTER MANIPUR,Manipur,Lok Sabha,8,72,84951963.0,Raman Chihansung,49.44,33.56,62.5,0.0,11
ALOK SHARMA,BHOPAL,Madhya Pradesh,Lok Sabha,41,85,63242243.0,MP STATE COOPERATIVE MARKETING FEDERATION LTD,7.88,3.59,67.06,1.18,7
AMAR SHARADRAO KALE,WARDHA,Maharashtra,Lok Sabha,14,39,31855968.0,President Pragati Majoor Sahakari Sanstha Ltd,17.61,9.85,10.26,2.56,8
AMARSING TISSO,Diphu,Assam,Lok Sabha,52,192,69670509.0,James Phangcho,24.97,10.24,10.42,10.42,29
AMBICA G LAKSHMINARAYANA VALMIKI,ANANTAPUR,Andhra Pradesh,Lok Sabha,24,81,62202871.0,Pasuparthi Hareesh,37.05,17.54,23.46,0.0,18
AMRARAM,SIKAR,Rajasthan,Lok Sabha,225,313,38165228.0,Dhaka Stone Comapny,8.26,2.25,5.11,6.07,31
AMRINDER SINGH RAJA WARRING,LUDHIANA,Punjab,Lok Sabha,121,329,34113487.0,Garden Gym,13.46,3.82,9.42,0.91,51
ANAND BHADAURIYA,DHAURAHRA,Uttar Pradesh,Lok Sabha,18,373,78958947.0,MANNAT CONSTRUCTION,61.57,42.95,2.14,3.49,31
ANAND KUMAR,BAHRAICH,Uttar Pradesh,Lok Sabha,10,102,66987751.0,Shri Krishna Construction,22.26,14.84,0.0,0.0,20
ANANTA NAYAK,KEONJHAR,Odisha,Lok Sabha,90,451,30111360.0,JAYANTA KUMAR JENA,13.72,3.77,3.33,0.67,70
ANDREW J. SYNGKON,SHILLONG,Meghalaya,Lok Sabha,215,327,71430000.0,Rani Motors,3.36,0.71,90.83,1.83,4
ANGOMCHA BIMOL AKOIJAM,INNER MANIPUR,Manipur,Lok Sabha,3,67,93860392.0,Murphy Thumrah,86.91,76.4,44.78,0.0,17
ANIL BALUNI,GARHWAL,Uttarakhand,Lok Sabha,6,8,2739441.0,DALBEER SINGH,36.42,23.67,25.0,0.0,0
ANIL YESHWANT DESAI,MUMBAI SOUTH CENTRAL,Maharashtra,Lok Sabha,3,4,7792570.0,MS RAVI ASHOK KUNCHIKORVE,43.6,35.21,0.0,25.0,1
ANITA NAGARSINGH CHOUHAN,RATLAM,Madhya Pradesh,Lok Sabha,73,228,55091448.0,PRACHI CONSTRUCTION,11.43,4.57,26.32,0.88,16
ANITA SUBHADARSHINI,ASKA,Odisha,Lok Sabha,26,35,13718448.0,SHYAMALENDU PANDA,20.13,7.6,91.43,8.57,3
ANOOP PRADHAN BALMIKI,HATHRAS,Uttar Pradesh,Lok Sabha,7,141,97915147.0,JITENDRA KUMAR SINGH,34.23,27.47,0.0,0.0,32
ANUP SANJAY DHOTRE,AKOLA,Maharashtra,Lok Sabha,42,69,51045667.0,Nishant Gulab Rathod,9.2,3.34,24.64,1.45,4
ARUN BHARTI,JAMUI,Bihar,Lok Sabha,15,306,132883940.0,Gyan Ganga,29.18,16.74,29.74,0.33,24
ARUN GOVIL,MEERUT,Uttar Pradesh,Lok Sabha,18,172,66737649.0,ANUJ INTERLOCKING,16.97,8.03,0.58,1.74,36
ARUN NEHRU,PERAMBALUR,Tamil Nadu,Lok Sabha,45,82,69561568.0,KSR CONSTRUCTIONS,6.76,3.61,2.44,1.22,6
ARUNA. D. K,MAHABUBNAGAR,Telangana,Lok Sabha,21,153,44232038.0,VIOLET ENTERPRISES,58.57,35.62,7.84,0.0,19
ARUP CHAKRABORTY,BANKURA,West Bengal,Lok Sabha,5,42,55795450.0,GOPAL CHANDRA CHOWDHURY,69.42,50.65,11.9,0.0,10
ASHISH DUBEY,JABALPUR,Madhya Pradesh,Lok Sabha,26,138,23263814.0,MP AGRO JABALPUR,37.23,18.39,3.62,0.0,24
ATUL GARG,GHAZIABAD,Uttar Pradesh,Lok Sabha,18,49,42043789.0,Mittal Generator,29.18,14.73,0.0,12.24,8
AVIMANYU SETHI,BHADRAK,Odisha,Lok Sabha,51,73,23316575.0,Amiya Ku Das,8.58,2.82,71.23,10.96,7
AWADHESH PRASAD,FAIZABAD,Uttar Pradesh,Lok Sabha,28,288,92097873.0,Manoj kumar Srivastava,15.68,6.41,0.0,12.15,27
AZAD KIRTI JHA,BARDHAMAN-DURGAPUR,West Bengal,Lok Sabha,13,30,33156887.0,ASIB ENTERPRISE,17.37,11.29,0.0,3.33,3
Abu Taher Khan,MURSHIDABAD,West Bengal,Lok Sabha,20,183,37157978.0,SUPTI ENTERPRISE,52.19,29.6,0.55,3.83,8
Adv Adoor Prakash,ATTINGAL,Kerala,Lok Sabha,3,115,28617364.0,ALLUMINA ELECTRONICS,96.73,93.63,0.0,0.0,22
Adv Dean Kuriakose,IDUKKI,Kerala,Lok Sabha,35,116,58754261.0,KALLOOR ELECTRONICS AND  LIGHTING PVT LTD,23.23,13.03,1.72,1.72,18
Ajay Bhatt,NAINITAL UDHAM SINGH NAG.,Uttarakhand,Lok Sabha,555,916,51274009.0,MOHD ASSIF,4.65,1.34,1.09,2.07,89
Ajay Kumar Mandal,BHAGALPUR,Bihar,Lok Sabha,7,71,75252620.0,SHIV DURGA INDUSTRIES,56.35,36.53,0.0,0.0,8
Ajay Tamta,ALMORA,Uttarakhand,Lok Sabha,90,100,4183680.0,LAL SINGH JALAL,23.05,9.36,2.0,17.0,3
Alok Kumar Suman,GOPALGANJ,Bihar,Lok Sabha,15,57,51862560.0,BIDP INDIA PRIVATE LIMITED,38.37,25.7,0.0,1.75,7
Amol Ramsing Kolhe,SHIRUR,Maharashtra,Lok Sabha,15,26,21557613.0,NAGSHWAR MAJOOR SAHKARI SANSTHA LTD,13.92,8.27,42.31,3.85,6
Andimuthu Raja,NILGIRIS,Tamil Nadu,Lok Sabha,61,87,71485310.0,C Chithambaram,7.69,2.67,32.18,0.0,8
Annpurna Devi,KODARMA,Jharkhand,Lok Sabha,5,146,42079828.0,EXECUTIVE ENGINER NREP GIRIDIH,54.21,42.73,48.63,6.16,38
Anto Antony,PATHANAMTHITTA,Kerala,Lok Sabha,20,78,26984855.0,M S Communication,42.47,22.45,3.85,0.0,9
Anurag Sharma,JHANSI,Uttar Pradesh,Lok Sabha,26,242,67201462.0,AADITYA VAIDHYA,20.64,10.21,0.0,2.89,38
Anurag Singh Thakur,HAMIRPUR,Himachal Pradesh,Lok Sabha,113,235,18791823.0,BDO pragpur,8.25,2.21,73.62,2.13,23
Appalanaidu Kalisetti,VIZIANAGARAM,Andhra Pradesh,Lok Sabha,25,57,22622767.0,SVSST INFRASTRUCTURE,12.28,6.86,3.51,1.75,10
Arvind Dharmapuri,NIZAMABAD,Telangana,Lok Sabha,187,526,158096817.0,GUTHI SRINIVAS,6.98,1.58,34.41,0.0,74
Arvind Ganpat Sawant,MUMBAI SOUTH,Maharashtra,Lok Sabha,7,18,28859509.0,Priti Infratech,27.13,18.0,0.0,0.0,5
Asaduddin Owaisi,HYDERABAD,Telangana,Lok Sabha,4,7,11172317.0,A F Construction op by Ismail,91.87,84.71,0.0,0.0,1
Ashok Kumar Rawat,MISRIKH,Uttar Pradesh,Lok Sabha,6,32,121139986.0,SHRI GURU KRIPA NARSINGH ASSOSIATES,30.71,25.7,3.12,25.0,8
Ashok Kumar Yadav,MADHUBANI,Bihar,Lok Sabha,7,132,70438959.0,BIOLUNAR ENERGY SOLUTION,44.98,32.08,0.0,0.0,8
Asit Kumar Mal,BOLPUR,West Bengal,Lok Sabha,78,157,167656043.0,BIDYUT BHANDARI,22.14,8.58,5.1,2.55,12
B K PARTHASARATHI,HINDUPUR,Andhra Pradesh,Lok Sabha,25,66,49297701.0,N Balakrishna,22.24,9.52,6.06,3.03,12
BABU SINGH KUSHWAHA,JAUNPUR,Uttar Pradesh,Lok Sabha,20,652,47327917.0,SURAJ CONSTRUCTION,18.42,9.7,0.31,18.87,30
BACHHAV SHOBHA DINESH,DHULE,Maharashtra,Lok Sabha,11,16,15131243.0,Multiplex Technologies,19.83,11.13,37.5,25.0,4
BAG MITALI,ARAMBAG,West Bengal,Lok Sabha,24,100,53162451.0,SN ENTERPRISE,21.27,8.87,3.0,4.0,18
BAIJAYANT PANDA,KENDRAPARA,Odisha,Lok Sabha,20,28,17127535.0,ABANI KUMAR MOHANTY,12.95,6.1,21.43,0.0,1
BAJRANG MANOHAR SONWANE,BEED,Maharashtra,Lok Sabha,19,39,37977152.0,Hosabai Mahila Majoor Sahakari Sanstha Limited Sarni Aa,18.12,9.17,0.0,0.0,5
BALABHADRA MAJHI,NABARANGPUR,Odisha,Lok Sabha,57,129,15470212.0,PRDEEPTA KUMAR PANDA,16.16,5.99,13.95,0.0,11
BALRAM NAIK PORIKA,MAHABUBABAD,Telangana,Lok Sabha,31,292,72320239.0,CARD Box Company,13.83,7.26,8.56,0.0,45
BALWANT BASWANT WANKHADE,AMRAVATI,Maharashtra,Lok Sabha,59,121,94386242.0,Navnit Sudhirrao Toley,6.46,2.62,2.48,5.79,8
BALYA MAMA SURESH GOPINATH MHATRE,BHIWANDI,Maharashtra,Lok Sabha,35,75,61343128.0,Hindustan Enterprises,18.56,7.4,2.67,6.67,17
BAPI HALDAR,MATHURAPUR,West Bengal,Lok Sabha,69,102,39420540.0,S K CHATTERJEE ELECTRICALS PVT LTD,6.37,2.52,0.98,0.98,5
BASAVARAJ BOMMAI,HAVERI,Karnataka,Lok Sabha,17,178,61561447.0,Bommai Zilla Nirmithi Kendra,53.97,39.1,22.47,6.74,40
BASTIPATI NAGARAJU PANCHALINGALA,KURNOOL,Andhra Pradesh,Lok Sabha,8,145,44033277.0,UMA MAHESWARA TUBE WELLS KURNOOL,26.79,17.7,14.48,0.0,15
BHAJAN LAL JATAV,KARAULI-DHOLPUR,Rajasthan,Lok Sabha,108,139,7253086.0,hariom interprizez,25.63,15.31,0.72,0.0,3
BHARAT SINGH KUSHWAH,GWALIOR,Madhya Pradesh,Lok Sabha,32,41,13676652.0,BAHUBALI ASSOCIATES,10.12,5.24,51.22,2.44,0
BHARATBHAI MANUBHAI SUTARIYA,AMRELI,Gujarat,Lok Sabha,162,186,61536765.0,DHARI NAGARPALIKA,2.11,0.76,74.73,2.15,5
BHARTI PARDHI,BALAGHAT,Madhya Pradesh,Lok Sabha,41,491,92426127.0,DEVESH KUMAR PATLE,43.28,24.97,4.28,1.22,45
BHASKAR MURLIDHAR BHAGARE,DINDORI,Maharashtra,Lok Sabha,23,37,34081627.0,NIKITA RATAN TAMBE,16.94,8.15,16.22,5.41,3
BHAUSAHEB RAJARAM WAKCHAURE,SHIRDI,Maharashtra,Lok Sabha,21,32,19420448.0,Kailas Majur STY Ghoyagaon,12.67,6.39,0.0,0.0,2
BHOJRAJ NAG,KANKER,Chhattisgarh,Lok Sabha,45,104,35985836.0,JAISWAL WOODEN INDUSTRIES,18.06,5.98,71.15,0.96,5
BHUMARE SANDIPANRAO ASARAM,AURANGABAD,Maharashtra,Lok Sabha,20,38,52095352.0,shri jagdamba construction,16.15,9.33,13.16,5.26,3
BHUPENDER YADAV,ALWAR,Rajasthan,Lok Sabha,46,68,59638968.0,ADIIVE TECHNOLOGES PRIVATE LTD,6.75,3.17,1.47,1.47,3
BIBHU PRASAD TARAI,JAGATSINGHPUR,Odisha,Lok Sabha,37,85,16733683.0,SATENDRA KUMAR SINGH,31.55,13.98,30.59,8.24,9
BIJULI KALITA MEDHI,GUWAHATI,Assam,Lok Sabha,99,170,72761435.0,IIT road to Ghana Boro,3.85,1.84,84.71,0.59,2
BIPLAB KUMAR DEB,TRIPURA WEST,Tripura,Lok Sabha,18,27,52876465.0,Soumen Adhikary,21.41,12.92,0.0,3.7,0
BISHNU PADA RAY,ANDAMAN AND NICOBAR ISLANDS,Andaman And Nicobar Islands,Lok Sabha,8,9,15498347.0,CSE Construction Pvt Ltd,23.58,15.26,0.0,0.0,0
BRIJENDRA SINGH OLA,JHUNJHUNU,Rajasthan,Lok Sabha,346,450,57494662.0,Sangeet Contractor,9.07,2.54,0.89,0.44,25
BRIJMOHAN AGRAWAL,RAIPUR,Chhattisgarh,Lok Sabha,77,168,68756217.0,ZONE COMMISSIONER ZONE 02,5.09,2.05,67.26,1.79,19
BUNTY VIVEK SAHU,CHHINDWARA,Madhya Pradesh,Lok Sabha,273,443,55619616.0,TELI SAMAJ SANGHTAN PANDURNA,3.6,0.92,77.43,1.35,27
Balashowry Vallabbhaneni,MACHILIPATNAM,Andhra Pradesh,Lok Sabha,12,26,14363941.0,Sai Brothers and Co,17.27,12.08,0.0,7.69,3
Bansuri Swaraj,NEW DELHI,Delhi,Lok Sabha,23,46,21775293.0,Swing Craft,22.07,10.17,0.0,0.0,4
Bhagirath Chaudhary,AJMER,Rajasthan,Lok Sabha,456,643,47945999.0,Jai Mata Rani Construction,10.67,3.26,1.09,13.37,38
Bharatsinhji Shankarji Dabhi,PATAN,Gujarat,Lok Sabha,136,205,72505536.0,YUG ENTERPRISE,19.28,4.62,58.05,2.93,15
Bhola Singh,BULANDSHAHR,Uttar Pradesh,Lok Sabha,5,250,101017522.0,M S Y  R ENTERPRISES,39.39,30.2,0.4,0.0,24
Bidyut Baran Mahato,JAMSHEDPUR,Jharkhand,Lok Sabha,4,189,75745972.0,KANHAIYA KUMAR SINGH,48.51,41.95,0.0,0.0,10
C R Patil,NAVSARI,Gujarat,Lok Sabha,138,283,72577870.0,SAMBHAV ENTERPRISE,9.95,2.46,50.53,7.42,31
C.M.RAMESH,ANAKAPALLE,Andhra Pradesh,Lok Sabha,11,42,36002667.0,GRAMONNATI,28.61,17.42,2.38,4.76,8
CAPTAIN BRIJESH CHOWTA,DAKSHINA KANNADA,Karnataka,Lok Sabha,61,108,52228767.0,D K NIRMITHI KENDRA,9.76,3.3,7.41,12.04,13
CAPTAIN VIRIATO FERNANDES,SOUTH GOA,Goa,Lok Sabha,14,78,48358008.0,SML ISUZU LTD,36.26,28.63,5.13,0.0,15
CHAMALA KIRAN KUMAR REDDY,BHONGIR,Telangana,Lok Sabha,32,434,62689273.0,DORNALA ANJAIAH,30.84,13.77,19.82,0.0,53
CHANDAN CHAUHAN,BIJNOR,Uttar Pradesh,Lok Sabha,24,214,81941111.0,SATYAVER SIGH CONTRACTOR AND SUPPLIER,26.29,12.72,1.87,11.68,51
CHANDRA SHEKHAR,NAGINA,Uttar Pradesh,Lok Sabha,8,893,87033825.0,MAKSUD AHMAD CONTRACTOR,28.57,18.46,1.12,12.21,36
CHANDUBHAI CHHAGANBHAI SHIHORA,SURENDRANAGAR,Gujarat,Lok Sabha,148,211,59546562.0,MSS MEDITECHNO,5.03,1.11,1.9,1.42,23
CHARANJIT SINGH CHANNI,JALANDHAR,Punjab,Lok Sabha,82,221,27091985.0,The New Punjab Cooperative L C Society LTD,11.69,4.67,8.6,5.43,42
CHHATRA PAL SINGH GANGWAR,BAREILLY,Uttar Pradesh,Lok Sabha,17,292,95894511.0,ANUJ SINGHAL CONTRACTOR,55.36,33.33,0.0,0.68,47
CHHATRAPATI SHAHU SHAHAJI,KOLHAPUR,Maharashtra,Lok Sabha,26,34,33696592.0,Kshatriya Constructions,8.86,4.65,47.06,0.0,2
CHHOTELAL,ROBERTSGANJ,Uttar Pradesh,Lok Sabha,25,728,90952339.0,UP STATE AGRO INDUSTRIAL CORPORATION LTD BICHPAI URMAURA,26.03,11.02,5.22,0.0,51
CHINTAMANI MAHARAJ,SARGUJA,Chhattisgarh,Lok Sabha,67,372,61420121.0,SANWARIYA BOREWELLS,24.4,8.52,41.4,1.88,28
CHIRAG PASWAN,HAJIPUR,Bihar,Lok Sabha,29,56,53484547.0,DHARMVIR KUMAR,18.38,6.99,0.0,1.79,2
CN Annadurai,TIRUVANNAMALAI,Tamil Nadu,Lok Sabha,61,181,88000808.0,T S SOLAR POWER SYSTEM,40.63,17.93,15.47,0.0,29
Chandra Prakash Joshi,CHITTORGARH,Rajasthan,Lok Sabha,32,42,4980185.0,KRISHNA BRICKS,19.76,10.99,2.38,2.38,5
D M Kathir Anand,VELLORE,Tamil Nadu,Lok Sabha,20,41,37215042.0,VINAYAGAM ENTERPRISES,11.82,6.91,9.76,4.88,4
D Ravikumar,VILUPPURAM,Tamil Nadu,Lok Sabha,43,234,105671025.0,Sankaran,8.18,3.81,75.21,2.14,32
DAGGUMALLA PRASADA RAO,CHITTOOR,Andhra Pradesh,Lok Sabha,57,156,76341346.0,Mr NARESH GANDHAMANENI,9.08,3.86,3.21,0.0,31
DAMODAR AGARWAL,BHILWARA,Rajasthan,Lok Sabha,697,854,59365927.0,C S TECHNOLOGIES,11.17,2.07,1.52,6.79,43
DAROGA PRASAD SAROJ,LALGANJ,Uttar Pradesh,Lok Sabha,14,282,82499872.0,VARDHAN ASSOCIATES,31.44,16.94,0.35,10.28,13
DARSHAN SINGH CHOUDHARY,HOSHANGABAD,Madhya Pradesh,Lok Sabha,156,315,30102552.0,Punyashila Automobiles,16.42,3.5,45.71,3.81,27
DEEPENDER SINGH HOODA,ROHTAK,Haryana,Lok Sabha,82,148,59066490.0,JOGINDER GOVT CONTRACTOR,13.46,3.44,3.38,0.0,15
DEVESH CHANDRA THAKUR,SITAMARHI,Bihar,Lok Sabha,13,129,41894417.0,AV ENTERTAINMENT,57.29,37.17,47.29,0.0,11
DEVESH SHAKYA,ETAH,Uttar Pradesh,Lok Sabha,4,581,81351075.0,SOMYA CONSTRUCTION,60.33,45.08,0.0,0.0,21
DHANORKAR PRATIBHA SURESH ALIAS BALUBHAU,CHANDRAPUR,Maharashtra,Lok Sabha,13,16,17964734.0,NUTAN KAMGAR SAHAKARI SANSTHA,19.18,10.56,0.0,12.5,1
DHARMENDRA PRADHAN,SAMBALPUR,Odisha,Lok Sabha,12,31,9704141.0,RTO SAMBALPUR,59.28,38.61,0.0,32.26,7
DHARMENDRA YADAV,AZAMGARH,Uttar Pradesh,Lok Sabha,28,53,61248647.0,JAI SHREE BALAJI CONSTRUCTION,12.46,5.97,1.89,5.66,5
DHAVAL LAXMANBHAI PATEL,VALSAD,Gujarat,Lok Sabha,26,66,35423530.0,Swara Enterprises,46.15,24.41,16.67,1.52,9
DINESHBHAI MAKWANA,AHMEDABAD WEST,Gujarat,Lok Sabha,3,4,25122452.0,LABMEDICA SYSTEMS PVT LTD,63.69,53.4,75.0,0.0,0
DR BYREDDY SHABARI,NANDYAL,Andhra Pradesh,Lok Sabha,33,116,50709419.0,JAGADEESWARA REDDY DEKIREDDY,16.63,5.97,4.31,0.0,29
DR C N MANJUNATH,BANGALORE RURAL,Karnataka,Lok Sabha,40,190,58422695.0,PROJECT MANAGER NIRMITHI KENDRA RAMANAGARA,48.44,24.75,14.74,3.68,34
DR DHARAMVIRA GANDHI,PATIALA,Punjab,Lok Sabha,523,1196,53205652.0,MK INFRA,7.02,1.42,3.34,0.67,213
DR KALGE SHIVAJI BANDAPPA,LATUR,Maharashtra,Lok Sabha,30,34,28846420.0,VISHWASAMRAT MAGASUARGIYA MAJOOR SAHAKARI SANSTHA MARYADIT,6.9,4.06,2.94,2.94,3
DR RAJKUMAR SANGWAN,BAGHPAT,Uttar Pradesh,Lok Sabha,7,78,36662976.0,TECHKRITI INFRATECH PVT LTD,68.23,49.37,0.0,1.28,15
DR RANI SRI KUMAR,TENKASI,Tamil Nadu,Lok Sabha,16,123,99919930.0,R R BUILDERS,19.91,11.1,12.2,0.0,30
DR. HEMANG JOSHI,VADODARA,Gujarat,Lok Sabha,64,123,69015565.0,NEELAM CONSTRUCTION,8.14,3.27,47.97,0.81,18
DR. HEMANT VISHNU SAVARA,PALGHAR,Maharashtra,Lok Sabha,11,15,12275200.0,TEERTHRAJ VISHWANATH PATIL,15.27,9.65,0.0,26.67,3
DR. KIRSAN NAMDEO,GADCHIROLI-CHIMUR,Maharashtra,Lok Sabha,18,26,22599453.0,SAMIR RAMKRUSHNA TAJNE,25.74,10.45,0.0,0.0,3
DR. LATA WANKHEDE,SAGAR,Madhya Pradesh,Lok Sabha,98,276,100520853.0,MANISH FEBRICATION,16.43,6.37,17.03,1.45,23
DR. M.P ABDUSSAMAD SAMADANI,PONNANI,Kerala,Lok Sabha,24,56,16359185.0,Mahindra and Mahindra Ltd,10.51,5.95,14.29,3.57,10
DR. MANSUKH MANDAVIYA,PORBANDAR,Gujarat,Lok Sabha,71,89,35557268.0,MSS MEDITECHNO,16.87,4.99,53.93,3.37,3
DR. PRABHA MALLIKARJUN,DAVANAGERE,Karnataka,Lok Sabha,3,90,57444696.0,NIRMITHI KENDRA DAVANGERE,97.83,95.74,31.11,0.0,19
DR. PRASHANT YADAORAO PADOLE,BHANDARA-GONDIYA,Maharashtra,Lok Sabha,21,22,15660951.0,GRAM PANCHAYAT CHANDORI,7.64,5.02,27.27,9.09,0
DR. RAJ KUMAR CHABBEWAL,HOSHIARPUR,Punjab,Lok Sabha,416,1276,75842759.0,Varinder Kumar Sood,6.04,1.33,5.25,1.72,262
DR. RAJESH MISHRA,SIDHI,Madhya Pradesh,Lok Sabha,82,656,184983789.0,SADGURU SAI INFRA WORLD PVT LTD REWA,32.54,16.59,10.37,1.68,101
DR. S P SINGH,PRATAPGARH,Uttar Pradesh,Lok Sabha,6,188,47950833.0,JAI PRAKASH,42.26,28.91,12.77,43.09,23
DR. SHARMILA SARKAR,BARDHAMAN PURBA,West Bengal,Lok Sabha,17,33,21224009.0,TECHNO BEST,15.29,8.82,3.03,24.24,3
DR.K.SUDHAKAR,CHIKBALLAPUR,Karnataka,Lok Sabha,27,138,38953975.0,NIRMITHI KENDRA BANGALORE RURAL DISTRICT,36.18,24.23,44.2,2.9,27
DR.MALLU RAVI,NAGARKURNOOL,Telangana,Lok Sabha,21,156,47000729.0,Mohammed Hassan Ahemed,18.21,12.35,4.49,0.0,17
DULU MAHATO,DHANBAD,Jharkhand,Lok Sabha,5,312,58175255.0,BIRENDRA KUMAR MAHATO,75.97,60.27,58.65,12.82,36
DURAI VAIKO,TIRUCHIRAPPALLI,Tamil Nadu,Lok Sabha,42,59,66737879.0,C S R CONSTRUCTION,10.53,3.9,18.64,10.17,4
Daggubati Purandeshwari,RAJAHMUNDRY,Andhra Pradesh,Lok Sabha,6,13,14394558.0,KANDAVALLI BUTCHAMMA,48.89,29.47,0.0,0.0,2
Devendra Alias Bhole Singh,AKBARPUR,Uttar Pradesh,Lok Sabha,10,98,62000186.0,Ms GANPATI CONSTRUCTIONS,52.44,30.67,0.0,0.0,12
Devusinh Jesingbhai Chauhan,KHEDA,Gujarat,Lok Sabha,145,302,56282548.0,BHUVALDI GRAM PANCHAYAT,2.75,1.07,59.93,3.31,59
Dhairyasheel Sambhajirao Mane,HATKANANGLE,Maharashtra,Lok Sabha,5,5,7519206.0,Cosine Green Power,41.05,25.79,60.0,0.0,0
Dileshwar Kamait,SUPAUL,Bihar,Lok Sabha,14,76,89329681.0,VEENA CONSTRUCTIONS,29.9,20.17,11.84,0.0,11
Dilip Saikia,Darrang-Udalguri,Assam,Lok Sabha,38,151,26230389.0,Firose Khakhlari,15.14,5.81,55.63,1.99,31
Dinesh Chandra Yadav,MADHEPURA,Bihar,Lok Sabha,8,113,92486814.0,GRAND TRADING COMPANY,61.04,47.87,0.0,0.0,10
Dr Chandra Sekhar Pemmasani,GUNTUR,Andhra Pradesh,Lok Sabha,31,46,39657891.0,M Butchaiah and Company,12.46,7.03,2.17,4.35,5
Dr Jayanta Kumar Roy,JALPAIGURI,West Bengal,Lok Sabha,3,5,12082736.0,CONSTRUCON POWER ENGINEERING,51.47,38.35,0.0,0.0,0
Dr Mohammad Jawed,KISHANGANJ,Bihar,Lok Sabha,2,138,89065400.0,RANJIT SALES CORPORATION,68.51,56.85,15.94,0.0,12
Dr Shashi Tharoor,THIRUVANANTHAPURAM,Kerala,Lok Sabha,39,61,41754577.0,TATA MOTORS,16.52,5.85,0.0,0.0,6
Dr Sukanta Majumdar,BALURGHAT,West Bengal,Lok Sabha,10,51,26156776.0,BOND CONSTRUCTION,36.21,22.09,1.96,0.0,11
Dr. Ajeet Madhavrao Gopchade (2024-30),Sitting Rajya Sabha,Maharashtra,Rajya Sabha,39,52,53532752.0,MAULI CONSTRUCTION,6.51,3.25,0.0,0.0,8
Dr. Anil Sukhdeorao Bonde (2022-28),Sitting Rajya Sabha,Maharashtra,Rajya Sabha,52,84,86399726.0,DURGA MOTORS,6.16,2.87,25.0,5.95,10
Dr. Ashok Kumar Mittal (2022-28),Sitting Rajya Sabha,Punjab,Rajya Sabha,105,240,41939879.0,Living Thoughts Private Limited,21.43,6.95,3.33,2.5,37
Dr. Bhim Singh (2024-30),Sitting Rajya Sabha,Bihar,Rajya Sabha,37,284,143120329.0,VEDIKA SINGH,52.95,31.05,0.7,1.06,43
Dr. Dharmasthala Veerendra Heggade (2022-28),Nominated Rajya Sabha,Karnataka,Rajya Sabha,27,644,57878764.0,BLUESKART ECOMMERCE PRIVATE LIMITED,19.79,11.32,1.55,1.86,33
Dr. Dharmshila Gupta (2024-30),Sitting Rajya Sabha,Bihar,Rajya Sabha,31,113,136714265.0,VEDIKA SINGH,13.1,6.32,7.08,0.88,25
Dr. Dinesh Sharma (2023-26),Sitting Rajya Sabha,Uttar Pradesh,Rajya Sabha,22,63,57084177.0,Ramesh Kumar Thekedar,16.42,8.0,0.0,3.17,14
Dr. Faiyaz Ahmad (2022-28),Sitting Rajya Sabha,Bihar,Rajya Sabha,10,174,183753433.0,Assistant Engineer Bisfi Vidhan Sabha,34.03,23.93,1.15,0.0,32
Dr. John Brittas (2021-27),Sitting Rajya Sabha,Kerala,Rajya Sabha,47,57,57506835.0,SREE GOKULAM HEALTHCARE PVT LTD,12.44,4.24,5.26,0.0,1
Dr. K. Laxman (2022-28),Sitting Rajya Sabha,Uttar Pradesh,Rajya Sabha,15,323,123809716.0,Unnati construction,30.19,17.46,0.62,3.72,22
Dr. Kalpana Saini (2022-28),Sitting Rajya Sabha,Uttarakhand,Rajya Sabha,91,162,66206094.0,L D CONSTRUCTION,24.86,8.81,6.17,6.17,26
Dr. Kavita Patidar (2022-28),Sitting Rajya Sabha,Madhya Pradesh,Rajya Sabha,68,427,127377000.12,NATIONAL ENGINEERING WORKS,15.44,6.14,25.76,0.23,64
Dr. L. Murugan (2024-30),Sitting Rajya Sabha,Madhya Pradesh,Rajya Sabha,19,40,38699774.0,E E M P H AND I D B DIV DAMOH,31.01,14.09,90.0,2.5,6
Dr. Laxmikant Bajpayee (2022-28),Sitting Rajya Sabha,Uttar Pradesh,Rajya Sabha,19,36,39061207.0,DHIRENDRA SINGH,33.27,15.21,5.56,5.56,2
Dr. M. Dhanapal (2025-31),Sitting Rajya Sabha,Tamil Nadu,Rajya Sabha,9,34,23989964.0,RAK INDUSTRIES,33.0,18.74,5.88,0.0,7
Dr. Medha Vishram Kulkarni (2024-30),Sitting Rajya Sabha,Maharashtra,Rajya Sabha,21,49,41737818.0,Sunjiba majur sahkari sanstha maryadit,16.73,8.03,14.29,0.0,11
Dr. Parmar Jashvantsinh Salamsinh (2024-30),Sitting Rajya Sabha,Gujarat,Rajya Sabha,73,104,38994089.0,WEHEAR INNOVATIONS PRIVATE LIMITED,10.85,4.18,52.88,10.58,13
Dr. Radha Mohan Das Agrawal (2022-28),Sitting Rajya Sabha,Uttar Pradesh,Rajya Sabha,5,54,72382614.0,MS Jitendra Kumar Yadav,51.89,46.46,0.0,0.0,6
Dr. Sandeep Kumar Pathak (2022-28),Sitting Rajya Sabha,Punjab,Rajya Sabha,343,1147,162756944.0,Punjab Police Housing Corporation Limited,12.0,3.55,14.65,2.35,205
Dr. Sangeeta Balwant (2024-30),Sitting Rajya Sabha,Uttar Pradesh,Rajya Sabha,6,254,68851419.5,SHRI SAI ENGINEERING WORKS,50.27,35.14,0.0,0.0,16
Dr. Sarfraz Ahmad (2024-30),Sitting Rajya Sabha,Jharkhand,Rajya Sabha,5,186,82543604.0,Executive engineer,82.18,68.45,29.03,16.13,33
Dr. Sasmit Patra (2022-28),Sitting Rajya Sabha,Odisha,Rajya Sabha,77,123,31000333.0,TAPASWINI MOHAPATRA,5.46,2.46,34.96,1.63,7
Dr. Sikander Kumar (2022-28),Sitting Rajya Sabha,Himachal Pradesh,Rajya Sabha,162,423,127681938.04,Universal Press,9.31,3.78,64.78,1.42,53
Dr. Sudhanshu Trivedi (2024-30),Sitting Rajya Sabha,Uttar Pradesh,Rajya Sabha,9,28,33646948.0,EXCEL CONSTRUCTION,30.85,18.33,3.57,0.0,6
Dr. Syed Naseer Hussain (2024-30),Sitting Rajya Sabha,Karnataka,Rajya Sabha,9,44,52745755.0,KRIDL BHUSIRI ACCOUNT WORKS,68.37,49.75,36.36,0.0,12
Dr. V. Sivadasan (2021-27),Sitting Rajya Sabha,Kerala,Rajya Sabha,11,45,24863346.0,KELTRON,29.8,20.19,2.22,0.0,8
Dr. Vikramjit Singh Sahney (2022-28),Sitting Rajya Sabha,Punjab,Rajya Sabha,132,348,111224375.74000001,Raghu Nath Goyal,7.75,3.67,2.01,0.29,56
Durga Das Uikey,BETUL,Madhya Pradesh,Lok Sabha,73,437,85636977.0,MP STATE AGRO INDUSTRIES DEVELOPMENT CORP LTD,48.82,33.39,3.43,0.46,41
Dushyant Singh,JHALAWAR-BARAN,Rajasthan,Lok Sabha,21,26,6025816.0,Jai mata di construction kelwara,38.41,27.22,0.0,3.85,0
E. TUKARAM,BELLARY,Karnataka,Lok Sabha,6,34,19971722.0,Bellary Nirmithi Kendra Bellary,51.87,35.59,26.47,26.47,6
E.T. MOHAMMED BASHEER,MALAPPURAM,Kerala,Lok Sabha,48,74,36606844.0,SML ISUZU LTD,36.71,15.79,2.7,1.35,5
EATALA RAJENDER,MALKAJGIRI,Telangana,Lok Sabha,25,59,34708670.0,SPR Infra,13.21,7.18,8.47,10.17,11
ESWARASAMY K,POLLACHI,Tamil Nadu,Lok Sabha,35,59,59028493.0,KRISHNAKUMAR G,9.31,4.15,49.15,1.69,6
Faggan Singh Kulaste,MANDLA,Madhya Pradesh,Lok Sabha,164,290,55170668.0,MP STATE AGRO,4.35,1.18,55.17,1.38,23
G. KUMAR NAIK,RAICHUR,Karnataka,Lok Sabha,17,48,24271564.0,CASHUTEC Nirmithi Kendra,32.45,18.57,33.33,8.33,8
GAIKWAD VARSHA EKNATH,MUMBAI NORTH-CENTRAL,Maharashtra,Lok Sabha,34,54,92563767.0,MAHENDRA ENTERPRISES,12.52,5.56,0.0,5.56,6
GANAPATHY RAJKUMAR P,COIMBATORE,Tamil Nadu,Lok Sabha,18,45,43662823.0,R R THULASI BUILDERS INDIA PRIVATE LIMITED,16.11,8.26,62.22,2.22,5
GAURAV GOGOI,JORHAT,Assam,Lok Sabha,92,458,40746858.0,MRITYUNJOY KHANIKAR,4.56,2.02,9.61,0.22,81
GENIBEN NAGAJI THAKOR,BANASKANTHA,Gujarat,Lok Sabha,58,67,26332572.0,GUJARAT LOKSEVA CHARITABLE TRUST,9.49,2.53,82.09,2.99,3
GM Harish Balayogi,AMALAPURAM,Andhra Pradesh,Lok Sabha,28,68,54891857.0,SRI SAI SAMHITA CONSTRUCTIONS,21.11,8.21,2.94,2.94,19
GODAM NAGESH,ADILABAD,Telangana,Lok Sabha,48,142,35717086.0,SK SHUTTERS AND FABRICATORS,12.31,5.33,8.45,0.0,19
GOPINATH K,KRISHNAGIRI,Tamil Nadu,Lok Sabha,15,57,42753233.0,Sri Vaari Total Gaz Distributors,38.91,19.06,1.75,0.0,15
GOVIND MAKTHAPPA KARJOL,CHITRADURGA,Karnataka,Lok Sabha,39,125,46311790.0,Project Director Nirmithi Kendra Chitradrga,41.84,18.98,34.4,14.4,18
GURMEET SINGH MEET HAYER,SANGRUR,Punjab,Lok Sabha,180,661,57218972.0,GHATOURA AGRICULTURE WORKS,16.2,4.76,6.66,3.93,129
Gajendra Singh Patel,KHARGONE,Madhya Pradesh,Lok Sabha,24,383,68143099.0,MP STATE  AGRO  IND DEV CO LTD BARWANI,24.32,10.66,62.66,0.52,41
Gajendra Singh Shekhawat,JODHPUR,Rajasthan,Lok Sabha,1,1,491827.0,Maa Bhadariya Rai Enterprises,100.0,100.0,0.0,0.0,0
Ganesan Selvam,KANCHEEPURAM,Tamil Nadu,Lok Sabha,45,291,111117216.0,T S SOLAR POWER SYSTEM,24.2,8.85,59.79,0.0,27
Ganesh Singh,SATNA,Madhya Pradesh,Lok Sabha,34,227,48076283.0,RM MP AGRO SATNA,24.77,11.36,15.42,0.44,15
Giridhari Yadav,BANKA,Bihar,Lok Sabha,9,96,114805889.0,SHIV DURGA INDUSTRIES,46.31,30.58,4.17,0.0,15
Giriraj Singh,BEGUSARAI,Bihar,Lok Sabha,7,38,32994877.0,ASST ENGINEER LAEO WD 1 BEGUSARAI VSK BEGUSARAI,29.99,21.13,0.0,2.63,2
Gumma Thanuja Rani,ARAKU,Andhra Pradesh,Lok Sabha,30,92,74148372.0,SRI SAI LAKSHMI CONSTRUCTIONS,19.25,9.23,2.17,6.52,21
Gyaneshwar Patil,KHANDWA,Madhya Pradesh,Lok Sabha,87,471,86443874.0,KPL EQUIPMENTS PRIVATE LIMITED,40.17,21.34,16.35,2.76,59
H.D. KUMARASWAMY,MANDYA,Karnataka,Lok Sabha,3,130,46075000.0,PROJECT MANAGER NIRMITHI KENDRA MANDYA,82.91,70.47,25.38,10.0,23
HARENDRA SINGH MALIK,MUZAFFARNAGAR,Uttar Pradesh,Lok Sabha,17,143,45924912.0,KHURSHEED ALAM CONTRACTOR,27.15,18.45,0.0,15.38,29
HARIBHAI PATEL,MAHESANA,Gujarat,Lok Sabha,195,269,51381778.0,AMICHANDBHAI PATEL GROUP SERVICES,5.43,1.04,85.13,1.12,24
Harsh Malhotra,EAST DELHI,Delhi,Lok Sabha,8,57,24390277.0,Greenz,44.38,26.35,0.0,0.0,10
Hasmukh Bhai Soma Bhai Patel,AHMEDABAD EAST,Gujarat,Lok Sabha,28,36,32021270.0,ALPHA EQUIPMENTS,24.16,12.11,55.56,0.0,1
IMRAN MASOOD,SAHARANPUR,Uttar Pradesh,Lok Sabha,12,79,69261651.0,AHTESHAM CONTRACTOR,20.68,12.67,0.0,11.39,21
IQRA CHOUDHARY,KAIRANA,Uttar Pradesh,Lok Sabha,9,62,50723960.0,M S TRADERS,38.54,23.38,0.0,11.29,15
ISHA KHAN CHOUDHURY,MALDAHA DAKSHIN,West Bengal,Lok Sabha,16,25,8567025.0,THE LOTUS ENTERPRISE,20.91,10.7,0.0,0.0,3
Indra Hang Subba,SIKKIM,Sikkim,Lok Sabha,41,80,98023420.0,SHIV SHAKTI FURNITURE,18.21,8.1,12.5,0.0,13
JAGADISH CHANDRA BARMA BASUNIA,COOCHBEHAR,West Bengal,Lok Sabha,4,41,36689865.0,PABAN AGARWALA,53.07,38.08,0.0,0.0,7
JAGADISH SHETTAR,BELGAUM,Karnataka,Lok Sabha,20,30,10222651.0,PRIYESH GOUNDADKAR,9.78,5.67,6.67,6.67,0
JAI PARKASH,HISAR,Haryana,Lok Sabha,71,357,73212356.0,XEN City DHBVN Bhiwani,18.98,7.84,1.68,7.56,43
JASHUBHAI BHILUBHAI RATHVA,CHHOTA UDAIPUR,Gujarat,Lok Sabha,91,121,38424412.0,Krupal Construction,26.03,7.63,85.12,1.65,7
JITAN RAM MANJHI,GAYA,Bihar,Lok Sabha,7,191,61586729.0,ASSISTANT ENGINEER LAEO BODHGAYA VIDHAN SABHA,21.3,16.31,7.33,0.52,30
JITENDRA KUMAR DOHARE,ETAWAH,Uttar Pradesh,Lok Sabha,16,518,119571988.0,BAKE BIHARI TRADERS,60.52,39.4,0.0,0.0,25
JITIN PRASADA,PILIBHIT,Uttar Pradesh,Lok Sabha,12,106,41842816.0,INDRA JEET VERMA,17.15,10.71,0.0,1.89,16
JOBA MAJHI,SINGHBHUM,Jharkhand,Lok Sabha,3,127,59054467.0,ARJUN KUMAR BAURI,52.05,39.12,0.0,0.0,8
JOYANTA BASUMATARY,KOKRAJHAR,Assam,Lok Sabha,38,82,63280971.0,Derhasad Basumatary,7.23,3.4,42.68,3.66,9
JUNE MALIAH,MEDINIPUR,West Bengal,Lok Sabha,14,27,36949288.0,SUJIT KUMAR CHAKRABORTY,16.16,9.89,0.0,7.41,0
JYOTIRADITYA M. SCINDIA,GUNA,Madhya Pradesh,Lok Sabha,50,99,55870850.0,cmo shivpuri,10.47,3.71,62.63,1.01,4
Jagannath Sarkar,RANAGHAT,West Bengal,Lok Sabha,11,86,41712525.0,ROKHI GHOSH,25.45,15.87,0.0,0.0,16
Jagdambika Pal,DOMARIYAGANJ,Uttar Pradesh,Lok Sabha,12,50,38873088.0,Nistha Enterprises,57.34,39.34,12.0,0.0,9
Jai Prakash,HARDOI,Uttar Pradesh,Lok Sabha,20,47,85755277.0,BALAJI ENTERPRISES,29.64,17.54,6.38,0.0,4
Janardan Mishra,REWA,Madhya Pradesh,Lok Sabha,35,78,86935425.0,MP STATE AGRO INDUSTRIES DEVELOPMENT CORP REWA,26.47,17.86,41.03,0.0,9
Jaswantsinh Sumanbhai Bhabhor,DAHOD,Gujarat,Lok Sabha,56,91,26676501.0,Gram Panchayat Gamdi Purv,7.71,2.86,28.57,0.0,15
Jitendra Singh,UDHAMPUR,Jammu And Kashmir,Lok Sabha,127,221,48296699.0,Vikram Enterprises,16.25,4.42,10.86,0.0,23
Jyotsna Charandas Mahant,KORBA,Chhattisgarh,Lok Sabha,213,435,75564467.0,CEO JP Pali sansad mad 18th,2.92,0.84,66.9,1.61,36
K E PRAKASH,ERODE,Tamil Nadu,Lok Sabha,30,148,87182728.0,QUALITTY ENTERPRISES,45.53,23.88,70.95,0.68,21
K RADHAKRISHNAN,ALATHUR,Kerala,Lok Sabha,25,30,28066021.0,MUHAMMED MA,16.17,7.6,3.33,0.0,3
K Subbarayan,TIRUPPUR,Tamil Nadu,Lok Sabha,40,75,81901423.0,EAGGLE EYE INFRASTRUCTURES,8.28,4.2,40.0,0.0,7
K. C VENUGOPAL,ALAPPUZHA,Kerala,Lok Sabha,25,67,44331588.0,Multiline Ventures,26.41,13.36,0.0,0.0,8
K. RAJASHEKAR BASAVARAJ HITNAL,KOPPAL,Karnataka,Lok Sabha,46,200,66577182.0,KRIDL BHUSIRI ACCOUNT WORKS,29.4,10.65,20.5,0.0,31
KADIYAM KAVYA,WARANGEL,Telangana,Lok Sabha,46,73,27189421.0,KEDARINATH PROJECTS,7.35,3.53,5.48,0.0,10
KALI CHARAN MUNDA,KHUNTI,Jharkhand,Lok Sabha,8,240,77772545.0,ASSISTANT ENGINEER ZILA PARISHAD KHUNTI,38.75,24.97,60.0,0.0,25
KALI CHARAN SINGH,CHATRA,Jharkhand,Lok Sabha,8,296,51084747.0,District Engineer,51.8,36.53,71.62,10.47,51
KALIPADA SAREN,JHARGRAM,West Bengal,Lok Sabha,15,49,71784126.0,ATANU PATRA,29.98,15.38,6.12,2.04,8
KALYAN VAIJINATHRAO KALE,JALNA,Maharashtra,Lok Sabha,31,41,39254291.0,AMOL BADRINARAYAN KALASKAR,7.64,4.01,12.2,0.0,3
KAMAKHYA PRASAD TASA,Kaziranga,Assam,Lok Sabha,21,40,13430602.0,We R,20.35,8.0,7.5,0.0,6
KAMLESH JANGDE,JANJGIR CHAMPA,Chhattisgarh,Lok Sabha,76,602,99411941.0,Abhishek Enterprises,15.52,4.53,52.99,1.0,28
KANWAR SINGH TANWAR,AMROHA,Uttar Pradesh,Lok Sabha,3,81,78135018.0,Siddhu Enterprises,74.6,60.21,0.0,0.0,13
KARAN BHUSHAN SINGH,KAISERGANJ,Uttar Pradesh,Lok Sabha,6,145,95454825.0,SRIJAN CONSTRUCTION,86.56,76.24,2.76,0.69,17
KARTICK CHANDRA PAUL,RAIGANJ,West Bengal,Lok Sabha,2,102,28148611.0,B PAUL AND CO,93.18,87.3,0.0,0.0,2
KISHORI LAL,AMETHI,Uttar Pradesh,Lok Sabha,16,75,82481354.0,AADI AND RUDRANSH CONSTRUCTION COMPANY,69.48,49.45,4.0,5.33,14
KONDA VISHWESHWAR REDDY,CHELVELLA,Telangana,Lok Sabha,74,215,57338256.0,Munavath Raju,10.13,3.56,6.98,0.47,43
KOTA SRINIVAS POOJARY,UDUPI CHIKMAGALUR,Karnataka,Lok Sabha,78,120,44313852.0,KRIDL BHUSIRI ACCOUNT WORKS,8.72,2.58,45.0,12.5,6
KRISHNA DEVI SHIVSHANKER PATEL,BANDA,Uttar Pradesh,Lok Sabha,16,352,76835226.66999999,DHARMENDRA ENTERPRISES,44.28,29.64,0.0,6.53,29
KRITI DEVI DEBBARMAN,TRIPURA EAST,Tripura,Lok Sabha,5,24,32934783.0,Senior Deputy Magistrate Khowai,39.47,28.22,58.33,0.0,2
KULDEEP INDORA,GANGANAGAR,Rajasthan,Lok Sabha,53,68,11236750.0,RAJ CONSTRUCTION COMPANY,16.79,8.37,2.94,27.94,6
KUNDURU RAGHUVEER,NALGONDA,Telangana,Lok Sabha,5,9,7766945.0,ALLIED SURGICALS,49.83,32.13,55.56,0.0,2
Kakoli Ghosh Dastidar,BARASAT,West Bengal,Lok Sabha,35,100,61929956.0,SG ENTERPRISE,16.48,7.95,1.0,0.0,8
Kalanidhi Veeraswamy,CHENNAI NORTH,Tamil Nadu,Lok Sabha,18,58,86228598.0,SHRI VAIKUNTHANAATHAA,11.59,8.38,18.97,1.72,11
Kalyan Banerjee,SREERAMPUR,West Bengal,Lok Sabha,82,110,76719145.0,Sushanta Dutta,6.64,2.46,0.91,0.0,2
Kamaljeet Sehrawat,WEST DELHI,Delhi,Lok Sabha,10,34,13075365.0,ASN Services Pvt Limited,26.45,14.03,0.0,2.94,7
Kamlesh Paswan,BANSGAON,Uttar Pradesh,Lok Sabha,8,84,41575201.0,OM ENTERPRISES,65.34,44.66,2.38,9.52,16
Kangana Ranaut,MANDI,Himachal Pradesh,Lok Sabha,243,395,56986009.0,Block Development  Office Rampur  Lok Sabha,11.41,2.24,76.96,16.96,36
Kani K Navas,RAMANATHAPURAM,Tamil Nadu,Lok Sabha,31,86,54855096.0,FPLUS ENTERPRISES,25.6,9.75,12.79,1.16,10
Kanimozhi Karunanidhi,THOOTHUKKUDI,Tamil Nadu,Lok Sabha,24,34,58344698.0,Antony Selvan M,9.84,5.3,26.47,2.94,1
Kaushalendra Kumar,NALANDA,Bihar,Lok Sabha,9,97,45509064.0,Sheel Sons,27.68,16.73,2.06,5.15,9
Khagen Murmu,MALDAHA UTTAR,West Bengal,Lok Sabha,4,7,6003169.0,VENTURE SPECTACULAR,37.29,27.91,0.0,0.0,1
Khalilur Rahaman,JANGIPUR,West Bengal,Lok Sabha,9,44,23028217.0,MAJIBUR RAHAMAN,41.04,23.16,20.45,25.0,6
Kinjarapu Ram Mohan Naidu,SRIKAKULAM,Andhra Pradesh,Lok Sabha,32,106,55172810.0,sudiksa infra projects,22.32,8.82,1.89,4.72,20
Kiren Rijiju,ARUNACHAL WEST,Arunachal Pradesh,Lok Sabha,91,162,87533016.0,Ms Mohnio Enterprises,6.06,2.34,63.58,3.7,25
Kirti Vardhan Singh,GONDA,Uttar Pradesh,Lok Sabha,24,180,71075338.0,AMARNATH PANDEY AMARNATH PANDEY CONTRACTOR,26.88,12.81,1.67,0.0,32
Kishan Reddy Gangapuram,SECUNDERABAD,Telangana,Lok Sabha,2,5,4754322.0,Medoju Venugopal,91.59,84.59,40.0,0.0,2
Kripanath Mallah,KARIMGANJ,Assam,Lok Sabha,13,116,66488500.0,BITU RAY,30.32,22.14,44.83,0.0,15
Krishan Pal Gurjar,FARIDABAD,Haryana,Lok Sabha,16,47,24858831.0,Mentiz Infratech India,38.63,19.6,2.13,2.13,7
Krishna Prasad Tenneti,BAPATLA,Andhra Pradesh,Lok Sabha,18,25,18515817.0,Seetha Remi Reddy,15.79,7.98,0.0,16.0,2
LALJI VERMA,AMBEDKAR NAGAR,Uttar Pradesh,Lok Sabha,40,287,86165424.0,MS SAKET TRADERS,18.49,10.21,6.62,2.44,37
LAXMIKANT PAPPU NISHAD,SANT KABIR NAGAR,Uttar Pradesh,Lok Sabha,6,38,27502127.0,JAI MATA DI VP CONSTRUCTION,79.09,63.76,0.0,78.95,2
LOVELY ANAND,SHEOHAR,Bihar,Lok Sabha,12,39,43561211.0,R K Construction,21.81,12.76,41.03,5.13,6
LUMBARAM,JALORE,Rajasthan,Lok Sabha,352,610,61556876.0,ms galaxy agency,11.7,3.08,5.9,0.16,100
Lavu Sri Krishna Devarayalu,NARASARAOPET,Andhra Pradesh,Lok Sabha,4,4,2402685.0,ASHOK CONSTRUCTIONS,66.59,48.64,0.0,0.0,0
M. MALLESH BABU,KOLAR,Karnataka,Lok Sabha,39,122,40766132.0,KRIDL BHUSIRI ACCOUNT WORKS,19.99,8.53,17.21,0.82,18
M.K. VISHNUPRASAD,CUDDALORE,Tamil Nadu,Lok Sabha,48,91,71744686.0,SRI SAI ENTERPRISES,8.7,3.33,16.48,1.1,7
MADHAVANENI RAGHUNANDAN RAO,MEDAK,Telangana,Lok Sabha,30,49,30484168.0,PONNABOYANA SRINIVAS,9.52,4.97,20.41,0.0,7
MAHESH KASHYAP,BASTAR,Chhattisgarh,Lok Sabha,118,196,64495987.5,GRAM PANCHAYAT HALLOOR,3.5,1.32,42.86,4.08,9
MAHIMA KUMARI MEWAR,RAJSAMAND,Rajasthan,Lok Sabha,166,272,48238044.0,ASHOK KUMAR YADAV,8.62,3.7,3.31,1.84,14
MALAIYARASAN D,KALLAKURICHI,Tamil Nadu,Lok Sabha,10,204,121901141.0,DHANASEKARAN K,40.88,27.89,0.49,0.0,38
MALVIKA DEVI,KALAHANDI,Odisha,Lok Sabha,33,131,51104998.0,ANOUSHKA NIRMAN PVT LTD,27.39,13.52,90.84,0.76,19
MALVINDER SINGH KANG,ANANDPUR SAHIB,Punjab,Lok Sabha,309,793,80974799.0,RS Industries,15.04,3.4,14.63,5.17,131
MANI. A.,DHARAMAPURI,Tamil Nadu,Lok Sabha,16,130,68465190.0,SUCCESS ASSOCIATES,20.08,14.16,51.54,2.31,20
MANISH TEWARI,CHANDIGARH,Chandigarh,Lok Sabha,61,130,31608858.0,Prabh Kirpa Enterprises,13.7,5.8,1.54,3.08,16
MANJU SHARMA,JAIPUR,Rajasthan,Lok Sabha,19,29,21994861.0,SHRI LAXMI CONSTRUCTION,15.86,7.73,13.79,3.45,1
MANNA LAL RAWAT,UDAIPUR,Rajasthan,Lok Sabha,75,207,36354199.0,SHREE RAM ENTERPRISES,17.5,6.34,14.01,18.36,36
MANOHAR LAL,KARNAL,Haryana,Lok Sabha,10,13,16619897.0,The Bandh Coop LC Soc Ltd Bandh,36.91,23.75,0.0,0.0,0
MANOJ KUMAR,SASARAM,Bihar,Lok Sabha,10,122,95686097.0,S K ENTERPRISES,32.12,18.0,0.0,0.82,15
MANOJ TIGGA,ALIPURDUARS,West Bengal,Lok Sabha,5,17,11379773.0,SUBRATA SAHA,38.75,27.8,0.0,0.0,3
MIAN ALTAF AHMAD,ANANTNAG,Jammu And Kashmir,Lok Sabha,27,35,24523857.0,MASRAT SIDIQ GILKAR,28.11,11.05,17.14,0.0,3
MOHIBBULLAH,RAMPUR,Uttar Pradesh,Lok Sabha,4,344,74744421.0,AL ARQAM ENTERPRISES,43.01,32.88,0.0,0.0,24
MOHITE PATIL DHAIRYASHEEL RAJSINH,MADHA,Maharashtra,Lok Sabha,2,41,8828612.0,ABHIJEET AGENCIES SOLAPUR,92.68,86.44,0.0,0.0,4
MUHAMMED HAMDULLAH SAYEED,LAKSHADWEEP,Lakshadweep,Lok Sabha,18,20,39337535.0,The Mananging Director Kerala Medical Service Coporation Ltd,82.78,68.95,10.0,0.0,2
MUKESHKUMAR CHANDRAKAANT DALAL,SURAT,Gujarat,Lok Sabha,28,112,26395724.0,Nutra Marketing,14.01,9.02,20.54,0.0,15
MURARI LAL MEENA,DAUSA,Rajasthan,Lok Sabha,46,71,19094674.0,MENKA YADAV,13.37,6.05,0.0,1.41,12
MURASOLI S,THANJAVUR,Tamil Nadu,Lok Sabha,47,72,77333643.0,GM Constructions and Infra P,19.01,6.12,8.33,4.17,1
MURLIDHAR MOHOL,PUNE,Maharashtra,Lok Sabha,8,19,18945481.0,MUDHAIDEVI MAJUR SAHKARI SANSTHA MARYADIT,15.83,14.14,0.0,0.0,5
Maddila Gurumoorthy,TIRUPATI,Andhra Pradesh,Lok Sabha,64,168,64637243.0,Thallapaka Nagarjuna Reddy,13.75,4.11,1.79,11.31,30
Magunta Sreenivasulu Reddy,ONGOLE,Andhra Pradesh,Lok Sabha,8,11,12375873.0,V V SAMBASIVA SRI KRISHNA,21.84,16.59,9.09,18.18,1
Mahendra Singh Solanky,DEWAS,Madhya Pradesh,Lok Sabha,28,108,42062417.0,CEO Janpad Panchayat Dewas,17.68,8.54,88.89,0.93,15
Mahesh Sharma,GAUTAM BUDDHA NAGAR,Uttar Pradesh,Lok Sabha,18,130,83408358.0,DEV CONSTRUCTION,22.66,12.91,0.0,3.08,23
Mala Rajya Laxmi Shah,TEHRI GARHWAL,Uttarakhand,Lok Sabha,157,371,57285791.0,Masti ram,32.21,13.14,2.16,1.08,56
Mala Roy,KOLKATA DAKSHIN,West Bengal,Lok Sabha,44,65,61582788.0,GOUTAM CONSTRUCTION,16.24,5.01,15.38,1.54,7
Manickam Tagore B,VIRUDHUNAGAR,Tamil Nadu,Lok Sabha,51,93,90165437.0,Sathess kumar,7.54,3.26,11.83,0.0,9
Manoj Tiwari,NORTH EAST DELHI,Delhi,Lok Sabha,8,10,29733175.0,Central Electronics Limited,75.67,58.33,0.0,10.0,2
Mansukhbhai Dhanjibhai Vasava,BHARUCH,Gujarat,Lok Sabha,164,247,70528294.0,D R KUKADIA,4.44,1.1,62.75,3.24,25
Midhun Reddy,RAJAMPET,Andhra Pradesh,Lok Sabha,89,232,56264747.0,N KAMALAKAR REDDY,6.26,1.97,10.34,6.47,41
Mitesh Rameshbhai Bakabhai Patel,ANAND,Gujarat,Lok Sabha,154,295,58453147.0,aastha construction,16.86,3.5,38.98,4.07,37
Mohamed Haneefa,LADAKH,Ladakh,Lok Sabha,6,8,6009392.0,SML ISUZU LTD,34.51,20.79,37.5,0.0,1
Mr Gopal Jee Thakur,DARBHANGA,Bihar,Lok Sabha,6,156,75767756.0,BIOLUNAR ENERGY SOLUTION,94.79,89.94,0.0,0.0,18
Ms Mahua Moitra,KRISHNANAGAR,West Bengal,Lok Sabha,32,49,57382120.0,PANKAJ SARKAR,21.55,8.87,0.0,0.0,2
Ms. Dola Sen (2023-29),Sitting Rajya Sabha,West Bengal,Rajya Sabha,9,20,69414332.0,KHIVRAJ MOTORS,47.54,38.59,0.0,0.0,1
Mukesh Rajput,FARRUKHABAD,Uttar Pradesh,Lok Sabha,4,367,108417412.0,Nightingale Networks LLP,81.58,69.44,0.0,0.0,20
NABA CHARAN MAJHI,MAYURBHANJ,Odisha,Lok Sabha,42,77,34922207.0,SANSKRUTI ASSOCIATES PVT LTD,17.16,6.01,64.94,1.3,9
NALIN SOREN,DUMKA,Jharkhand,Lok Sabha,11,289,86550781.0,SANDIP KUMAR BHAGAT,16.87,10.7,73.01,0.0,50
NARAYAN DAS AHIRWAR,JALAUN,Uttar Pradesh,Lok Sabha,6,292,51218010.800000004,shyam swaroop manufacturere,65.35,47.47,0.0,1.03,20
NARAYAN TATU RANE,RATNAGIRI-SINDHUDURG,Maharashtra,Lok Sabha,26,39,22993974.0,Manoj Madhukar Waingankar,13.18,5.85,46.15,0.0,5
NARESH CHANDRA UTTAM PATEL,FATEHPUR,Uttar Pradesh,Lok Sabha,12,49,28783210.0,MS YASH CONTRACTOR AND SUPPLIERS,25.58,16.62,6.12,0.0,13
NAVEEN JINDAL,KURUKSHETRA,Haryana,Lok Sabha,115,257,61262363.0,THE KAUSHIK CO OP L AND C SOCITY PABNAWA,4.59,1.73,1.95,0.78,39
NEERAJ MAURYA,AONLA,Uttar Pradesh,Lok Sabha,4,101,97488644.0,SHRI GURU KRIPA NARSINGH ASSOCIATES,60.61,44.16,0.0,0.0,11
NILESH DNYANDEV LANKE,AHMEDNAGAR,Maharashtra,Lok Sabha,12,17,23809461.0,SUNIL DATTATRAY KUDALE,20.06,11.77,29.41,0.0,1
NIMUBEN JAYANTIBHAI BAMBHANIYA,BHAVNAGAR,Gujarat,Lok Sabha,25,34,25662379.0,SARVOTTAM APPLIANCES PRIVATE LIMITED,38.97,18.48,73.53,0.0,4
Nishikant Dubey,GODDA,Jharkhand,Lok Sabha,1,1,1785510.0,PRAKHAND SHIKSHA PRASAR PADADHIKARI,100.0,100.0,0.0,0.0,0
Nitin Jairam Gadkari,NAGPUR,Maharashtra,Lok Sabha,24,35,46558565.0,Spectrum Services,27.14,10.6,5.71,17.14,3
Nityanand Rai,UJJARPUR,Bihar,Lok Sabha,6,50,22994739.0,DARVESHWAR NATH CONSTRUCTION,59.36,38.68,42.0,0.0,12
Om Birla,KOTA,Rajasthan,Lok Sabha,60,91,28500390.0,MUNDRA AUTOMOBILES PRIVATE LIMITED,12.14,4.66,2.2,1.1,13
Omprakash Bhupalsinh Alias Pawan Rajenimbalkar,OSMANABAD,Maharashtra,Lok Sabha,34,44,28008430.0,Chairman Shramjivi Majoor Sahakari Sanstha Tuljapur,6.75,3.81,9.09,6.82,0
P C Mohan,BANGALORE CENTRAL,Karnataka,Lok Sabha,5,21,10439505.0,M CUBE INFRATECH PRIVATE LIMITED,48.85,44.72,4.76,0.0,1
PARIMAL SUKLABAIDYA,SILCHAR,Assam,Lok Sabha,12,13,5511762.0,MS North East Information Technology,17.45,11.25,30.77,23.08,1
PARSHOTTAMBHAI RUPALA,RAJKOT,Gujarat,Lok Sabha,69,99,41530051.0,Sanathali Gram Panchayat,4.09,1.77,51.52,4.04,11
PARTHA BHOWMICK,BARRACKPUR,West Bengal,Lok Sabha,8,11,31114929.0,UNITECH INSULATION,48.22,32.95,9.09,0.0,1
PATHAN YUSUF,BAHARAMPUR,West Bengal,Lok Sabha,5,7,9360897.0,CIMECON ENTERPRISES,39.12,26.44,14.29,42.86,1
PHANI BHUSAN CHOUDHURY,BARPETA,Assam,Lok Sabha,62,106,42756247.0,Construction of LT line for providing power supply to street lights,5.61,2.52,62.26,2.83,12
PRABHAKAR REDDY VEMIREDDY,NELLORE,Andhra Pradesh,Lok Sabha,77,136,73610054.0,SRIHARI RAO AMARANENI,4.07,1.86,2.21,0.0,26
PRADEEP PUROHIT,BARGARH,Odisha,Lok Sabha,50,113,31249878.0,BISHOK PATEL,9.22,3.23,57.52,2.65,11
PRANITI SUSHILKUMAR SHINDE,SOLAPUR,Maharashtra,Lok Sabha,8,9,8440395.0,MILAN SAHAKARI MAJUR SANSTHA MARYADIT SOLAPUR,23.62,14.21,11.11,0.0,1
PRAVEEN PATEL,PHULPUR,Uttar Pradesh,Lok Sabha,6,37,95102075.0,Sunny Enterprises,65.21,47.79,0.0,5.41,5
PRIYA SAROJ,MACHHLISHAHR,Uttar Pradesh,Lok Sabha,16,1048,69805592.0,BHAGWATI CHAND,50.55,30.32,0.76,0.1,30
PRIYANKA SATISH JARKIHOLI,CHIKKODI,Karnataka,Lok Sabha,18,38,18773055.0,FORCE MOTORS LIMITED,28.56,14.74,39.47,10.53,3
PUSHPENDRA SAROJ,KAUSHAMBI,Uttar Pradesh,Lok Sabha,12,907,56198890.0,MS GYANCHAND,21.31,14.36,0.0,8.16,35
Pankaj Chowdhary,MAHARAJGANJ,Uttar Pradesh,Lok Sabha,8,94,95676373.0,MS RAMESH CHANDRA PATEL,94.41,89.18,1.06,0.0,15
Parvatagouda Chandanagouda Gaddigoudar,BAGALKOT,Karnataka,Lok Sabha,96,237,64488186.0,Chairman Nirmithi Kendra Bagalkot,9.11,2.11,3.8,2.11,17
Piyush Vedprakash Goyal,MUMBAI NORTH,Maharashtra,Lok Sabha,16,17,30848998.0,ANIKET ANIL SHINDE,9.63,6.63,0.0,23.53,0
Prabhubhai Nagarbhai Vasava,BARDOLI,Gujarat,Lok Sabha,45,84,27468376.0,HD ENTERPRISE,21.27,6.32,28.57,1.19,11
Pradan Baruah,LAKHIMPUR,Assam,Lok Sabha,43,181,57613604.0,UJJAL SAIKIA,17.17,5.73,16.57,3.31,19
Pradeep Kumar Singh,ARARIA,Bihar,Lok Sabha,4,86,132606146.0,SIGMA ENTERPRISES,70.92,57.94,0.0,0.0,10
Pradyut Bordoloi,NOWGONG,Assam,Lok Sabha,62,478,67857468.0,PRITOM TRIBEDI,13.01,5.71,23.85,0.63,84
Pralhad Venkatesh Joshi,DHARWAD,Karnataka,Lok Sabha,35,66,20761060.0,Manjunath Mallappa Kittur,7.62,3.75,1.52,16.67,7
Prasun Banerjee,HOWRAH,West Bengal,Lok Sabha,22,158,70699743.0,PRAYAS,20.56,8.64,13.29,7.59,30
Pratap Chandra Sarangi,BALASORE,Odisha,Lok Sabha,3,10,2525000.0,Ms Durga Traders,40.59,36.08,30.0,0.0,1
Prataprao Jadhav,BULDHANA,Maharashtra,Lok Sabha,1,2,1208028.0,SHARMA CONSTRUCTION,100.0,100.0,0.0,0.0,0
Pratima Mondal,JOYNAGAR,West Bengal,Lok Sabha,97,185,74379705.0,SARDAR ENTERPRISE,12.97,3.07,0.0,0.0,22
Praveen Khandelwal,CHANDINI CHOWK,Delhi,Lok Sabha,14,42,26487847.0,Greenz,22.9,12.2,0.0,0.0,7
Priyanka Gandhi Vadra,WAYANAD,Kerala,Lok Sabha,22,39,34714501.0,SML ISUZU LTD,35.64,17.9,10.26,0.0,4
Prof SP Singh Baghel,AGRA,Uttar Pradesh,Lok Sabha,2,140,93200157.0,SAI ENTERPRISES,64.35,54.12,0.0,0.0,18
Prof Sougata Ray,DUM DUM,West Bengal,Lok Sabha,13,17,14046615.0,APRJ Constructions Private Limited,35.6,16.85,11.76,0.0,1
Prof. Manoj Kumar Jha (2024-30),Sitting Rajya Sabha,Bihar,Rajya Sabha,4,111,87200986.0,GRAND TRADING COMPANY,46.36,41.65,42.34,0.0,14
Prof. Ram Gopal Yadav (2020-26),Sitting Rajya Sabha,Uttar Pradesh,Rajya Sabha,19,125,178725656.0,Pradeep Kumar,29.33,13.87,0.0,0.8,30
Putta Mahesh Kumar,ELURU,Andhra Pradesh,Lok Sabha,13,69,43504398.0,I MAX SCIENCE HOUSE,43.21,24.16,69.57,1.45,13
R.K. CHAUDHARY,MOHANLALGANJ,Uttar Pradesh,Lok Sabha,3,83,34622708.0,SHREE HARIOM INFOTECH,89.57,80.78,0.0,2.41,12
RABINDRA NARAYAN BEHERA,JAJPUR,Odisha,Lok Sabha,26,41,9146086.0,GITASHREE BEHERA,8.75,5.38,26.83,0.0,3
RACHNA BANERJEE,HOOGHLY,West Bengal,Lok Sabha,21,54,34234471.0,MAA KALI BUILDERS,21.84,11.06,1.85,0.0,10
RADHAKRISHNA,GULBARGA,Karnataka,Lok Sabha,2,2,3254664.0,KRIDL BHUSIRI ACCOUNT WORKS,69.13,57.32,50.0,0.0,0
RADHE SHYAM RATHIYA,RAIGARH,Chhattisgarh,Lok Sabha,102,213,80849803.0,TRILOCHAN RAM YADAV,4.57,1.82,51.17,1.88,17
RAHUL GANDHI,RAE BARELI,Uttar Pradesh,Lok Sabha,29,151,27068171.0,AADI AND RUDRANSH CONSTRUCTION COMPANY,23.69,9.31,0.0,12.58,11
RAHUL SINGH LODHI,DAMOH,Madhya Pradesh,Lok Sabha,40,342,72714957.0,MP STATE AGRO INDUSTRIES DEVELOPMENT CORPORATION LTD DAMOH,29.38,15.23,22.22,0.29,28
RAJ BHUSHAN CHOUDHARY,MUZAFFARPUR,Bihar,Lok Sabha,10,90,96375137.0,SAHAYAK ABHIYANTA KUDHANI VIDHANSABHA KSHETRA,20.37,12.45,11.11,0.0,15
RAJ KUMAR ROAT,BANSWARA,Rajasthan,Lok Sabha,63,126,63894021.0,Paramount construction PWD,4.35,2.29,12.7,3.97,9
RAJA RAM SINGH,KARAKAT,Bihar,Lok Sabha,13,194,72478355.0,BIDHANSABHA KSHETRA OBRA SAHAYAK ABHIYANTA,20.38,11.95,9.28,1.55,39
RAJABHAU,NASHIK,Maharashtra,Lok Sabha,38,50,47487714.0,PEDKAI ELECTRICALS,8.4,3.39,4.0,10.0,5
RAJEEV BHARDWAJ,KANGRA,Himachal Pradesh,Lok Sabha,168,658,81718389.0,Project Officer Himurja Kangra at Dharamshala,6.91,2.05,39.82,0.91,93
RAJEEV RAI,GHOSI,Uttar Pradesh,Lok Sabha,25,311,66462043.0,BIHARI JI MAHADEV ASSOCIATES,21.72,10.48,0.64,0.32,19
RAJESH RANJAN ALIAS PAPPU YADAV,PURNEA,Bihar,Lok Sabha,7,76,72622818.0,R K Construction,50.33,32.33,55.26,0.0,9
RAJESH VERMA,KHAGARIA,Bihar,Lok Sabha,19,69,74186362.0,ASSISTANT ENGINEER KHAGARIA,15.87,7.71,0.0,0.0,7
RAJPALSINH MAHENDRASINH JADAV,PANCHMAHAL,Gujarat,Lok Sabha,110,129,26559049.0,RAJ TRADING,3.01,1.27,68.22,14.73,9
RAKESH RATHOR,SITAPUR,Uttar Pradesh,Lok Sabha,23,105,91524162.0,Ravi Electronics,20.15,11.92,1.9,0.95,21
RAKIBUL HUSSAIN,DHUBRI,Assam,Lok Sabha,86,142,48853373.0,Bimal Auto Agency,9.21,2.19,57.04,4.23,11
RAM PRASAD CHAUDHARY,BASTI,Uttar Pradesh,Lok Sabha,16,239,148429426.0,JAI CONSTRUCTION,80.82,65.7,0.42,0.0,32
RAMASAHAYAM RAGHURAM REDDY,KHAMMAM,Telangana,Lok Sabha,28,46,21423748.0,ANUDEEP REDDY YARRAPU,13.27,5.9,13.04,4.35,10
RAMASHANKAR RAJBHAR,SALEMPUR,Uttar Pradesh,Lok Sabha,27,263,61281620.0,GAURI ENTER PRISES,17.8,9.22,7.6,8.37,34
RAMBHUAL NISHAD,SULTANPUR,Uttar Pradesh,Lok Sabha,14,26,87473694.0,Ajay Kumar Singh,22.68,13.47,53.85,3.85,0
RAMESH AWASTHI,KANPUR,Uttar Pradesh,Lok Sabha,7,98,75758324.0,VISHWANATH ENTERPRISES,36.54,27.68,0.0,0.0,12
RANJIT DUTTA,Sonitpur,Assam,Lok Sabha,65,345,72922532.0,R ENTERPRISE,23.76,8.64,1.45,3.48,62
RAVINDRA DATTARAM WAIKAR,MUMBAI NORTH WEST,Maharashtra,Lok Sabha,17,24,53799122.0,Krishna Construction Co,14.79,8.41,4.17,16.67,1
RICHARD VANLALHMANGAIHA,MIZORAM,Mizoram,Lok Sabha,148,319,96361729.0,VC PHULDUNGSEI ZAMPUI,2.84,1.13,33.23,0.0,18
ROBERT BRUCE C,TIRUNELVELI,Tamil Nadu,Lok Sabha,30,73,55819028.0,SAI IT SYSTEMS,15.81,6.45,6.85,0.0,9
ROOP KUMARI CHOUDHARY,MAHASAMUND,Chhattisgarh,Lok Sabha,126,252,76671139.0,Exicutive Engineer PWD EM Division Nava Raipur,2.78,1.11,70.24,1.59,20
RUCHI VIRA,MORADABAD,Uttar Pradesh,Lok Sabha,4,559,52167110.0,NATIONAL INFRATECH,92.43,85.83,0.0,0.0,28
RUDRA NARAYAN PANY,DHENKANAL,Odisha,Lok Sabha,15,23,4033241.0,Jyotsnarani Pradhan,24.65,14.45,0.0,4.35,1
Radha Mohan Singh,PURVI CHAMPARAN,Bihar,Lok Sabha,17,83,69803891.0,SHANTI DEVI,18.92,10.75,2.41,0.0,13
Rahul Kaswan,CHURU,Rajasthan,Lok Sabha,395,540,58894909.0,SHAHIR TRADING AND CONSTRUCTION COMPANY,4.99,1.97,1.67,1.11,54
Rajeshbhai Naranbhai Chudasama,JUNAGADH,Gujarat,Lok Sabha,161,176,56040284.0,PRUTHVI BUILDERS,2.59,0.76,17.61,2.84,6
Rajkumar Chahar,FATEHPUR SIKRI,Uttar Pradesh,Lok Sabha,7,92,96369831.0,SHOURYA ENTERPRISES,27.39,18.61,0.0,0.0,25
Rajnath Singh,LUCKNOW,Uttar Pradesh,Lok Sabha,10,74,74407887.0,DEVKI ENTERPRISES,22.55,14.98,0.0,4.05,20
Raju Bista,DARJEELING,West Bengal,Lok Sabha,65,92,43617451.0,Soumita Enterprise,12.22,2.93,4.35,0.0,7
Ram Shiromani,SHRAWASTI,Uttar Pradesh,Lok Sabha,4,58,16300060.0,NAVEEN ENTERPRISES,79.07,64.3,0.0,94.83,5
Ramesh Chandappa Jigajinagi,BIJAPUR,Karnataka,Lok Sabha,40,123,24205222.0,SUNIL SABAVVA SANDRIMANI,9.69,4.21,2.44,6.5,15
Ramprit Mandal,JHANJHARPUR,Bihar,Lok Sabha,16,104,107510581.0,VIGYAN UPKARAN KENDRA,26.9,13.98,14.42,0.0,15
Ramvir Singh Bidhuri,SOUTH DELHI,Delhi,Lok Sabha,16,48,28849836.0,Greenz,25.14,11.58,0.0,0.0,10
Rao Inderjit Singh,GURGAON,Haryana,Lok Sabha,23,26,22604866.0,The Shirdi Sai Cooperative multipurpose society,9.27,5.55,19.23,15.38,1
Rao Rajendra Singh,JAIPUR RURAL,Rajasthan,Lok Sabha,27,36,15159151.0,MS Smart Tech,16.49,8.89,8.33,5.56,4
Ravi Shankar Prasad,PATNA SAHIB,Bihar,Lok Sabha,6,66,56647683.0,ASSISTANT ENGINEER DIGHA,45.95,30.06,0.0,0.0,14
Ravindra Shyamnarayan Alias Ravi Kishan Shukla,GORAKHPUR,Uttar Pradesh,Lok Sabha,3,10,12572509.0,KILDEEP MISHRA KRISHI SEWA KENDRA,81.15,67.85,20.0,0.0,2
Ravindra Vasantrao Chavan,NANDED,Maharashtra,Lok Sabha,44,52,42525242.0,City Light Electrical And Multi Services,12.84,3.82,0.0,9.62,4
Rodmal Nagar,RAJGARH,Madhya Pradesh,Lok Sabha,11,265,92107905.0,MP Agro Biaora,51.2,39.91,50.57,0.0,15
S SUPONGMEREN JAMIR,NAGALAND,Nagaland,Lok Sabha,50,81,138150000.0,Imlichuba,13.68,7.18,87.65,0.0,0
S Venkatesan,MADURAI,Tamil Nadu,Lok Sabha,35,73,50415867.0,N K MARI,10.5,4.67,1.37,2.74,9
S. Jagathrakshakan,ARAKKONAM,Tamil Nadu,Lok Sabha,45,67,57167418.0,AVN CONSTRUCTIONS,5.93,3.0,29.85,20.9,6
SACHITHANANTHAM R,DINDIGUL,Tamil Nadu,Lok Sabha,49,87,91226196.0,Sri Ganapathi Constructions,9.84,3.25,35.63,2.3,10
SAGAR ESHWAR KHANDRE,BIDAR,Karnataka,Lok Sabha,33,50,15422826.0,PRAKASH,12.16,4.37,6.0,8.0,7
SALENG A SANGMA,TURA,Meghalaya,Lok Sabha,162,431,98620000.0,Aiok M Sangma,26.87,7.99,75.41,1.86,23
SAMBIT PATRA,PURI,Odisha,Lok Sabha,46,847,38354750.0,ODISHA DISTRIBUTING AUTHORITY,27.42,9.61,41.32,0.0,83
SANATAN PANDEY,BALLIA,Uttar Pradesh,Lok Sabha,9,231,74595388.0,ARVIND KUMAR PANDEY,71.79,56.2,0.43,0.87,36
SANJAY DINA PATIL,MUMBAI NORTH EAST,Maharashtra,Lok Sabha,2,3,5955517.0,anurag urban tecinfra pvt ltd,73.81,61.34,0.0,33.33,1
SANJNA JATAV,BHARATPUR,Rajasthan,Lok Sabha,521,733,66932558.1,SHARMA CONTRACTOR,23.31,6.69,1.23,2.73,95
SARABJEET SINGH KHALSA,FARIDKOT,Punjab,Lok Sabha,177,712,95470473.0,GILL TRADING COMPANY,20.62,7.04,44.66,1.4,140
SATPAL BRAHAMCHARI,SONEPAT,Haryana,Lok Sabha,89,209,35904950.0,Mor Traders,7.67,2.8,0.48,13.88,20
SAVITRI THAKUR,DHAR,Madhya Pradesh,Lok Sabha,67,484,80699431.0,M P  AGRO DHAR,37.35,14.88,61.78,1.03,34
SAYANI GHOSH,JADAVPUR,West Bengal,Lok Sabha,44,129,49785004.0,JAYANTA ELECTRIC AND CO,14.22,5.65,8.53,0.0,22
SELJA,SIRSA,Haryana,Lok Sabha,35,152,26548478.0,KIRPAL SINGH AND SONS,23.73,9.94,0.66,9.87,21
SELVAGANAPATHI T M,SALEM,Tamil Nadu,Lok Sabha,2,2,4244214.0,Sre MCM and Co,53.63,50.26,0.0,0.0,0
SELVARAJ V,NAGAPATTINAM,Tamil Nadu,Lok Sabha,33,61,50673389.0,DAWOOD ENTERPRISES,17.66,7.93,36.07,0.0,7
SHAFI PARAMBIL,VADAKARA,Kerala,Lok Sabha,13,56,15909800.0,TATA MOTORS,26.71,19.23,14.29,0.0,10
SHAMBHAVI,SAMASTIPUR,Bihar,Lok Sabha,25,39,29478647.0,ASSISTANT ENGINEER HAYAGHAT,15.05,6.49,0.0,23.08,3
SHASHANK MANI,DEORIA,Uttar Pradesh,Lok Sabha,22,142,80936917.0,MS AMAR MANI TRIPATHI,36.52,19.59,2.11,4.93,26
SHER SINGH GHUBAYA,FIROZPUR,Punjab,Lok Sabha,48,462,94266196.0,The Gill Sehkari Kirat te Ussari Sabha Ltd,29.36,17.75,2.16,0.0,99
SHIVMANGAL SINGH TOMAR,MORENA,Madhya Pradesh,Lok Sabha,26,90,20290158.0,THE MP STATE AGRO IND DEV CORP LTD SHEOPUR,20.43,6.99,40.0,0.0,4
SHIVRAJ SINGH CHOUHAN,VIDISHA,Madhya Pradesh,Lok Sabha,68,128,38851625.0,CEO JANPAD KHATEGAON,8.03,2.47,62.5,0.0,7
SHOBHA KARANDLAJE,BANGALORE NORTH,Karnataka,Lok Sabha,28,104,61473509.0,M CUBE INFRATECH PRIVATE LIMITED,13.0,6.13,6.73,0.0,25
SHOBHANABEN MAHENDRASINH BARAIYA,SABARKANTHA,Gujarat,Lok Sabha,125,147,53180570.0,BANTHIWADA GRAM PANCHAYAT,2.82,0.99,91.84,4.76,4
SHREYAS. M. PATEL,HASSAN,Karnataka,Lok Sabha,53,181,58673951.0,KRIDL BHUSIRI ACCOUNT WORKS,36.98,15.96,23.2,2.21,27
SHRIMANT CHH UDAYANRAJE PRATAPSINHAMAHARAJ BHONSLE,SATARA,Maharashtra,Lok Sabha,21,21,16135149.0,Swapnil Raghunath Thorat,9.23,5.37,38.1,0.0,0
SK NURUL ISLAM,BASIRHAT,West Bengal,Lok Sabha,9,21,30740105.0,MA ENTERPRISE,68.91,49.56,0.0,0.0,0
SMITA UDAY WAGH,JALGAON,Maharashtra,Lok Sabha,8,9,14030677.0,GURUDATTA GAWANDI KAMGAR MAJOOR SAHAKARI SOCIETY LIMITED,28.5,18.07,0.0,0.0,0
SUDAMA PRASAD,ARRAH,Bihar,Lok Sabha,7,86,57716958.0,RANJIT SALES CORPORATION,47.65,29.97,63.95,0.0,10
SUDHA R,MAYILADUTHURAI,Tamil Nadu,Lok Sabha,21,53,37515130.0,SRI SAI ENTERPRISES,29.59,11.73,49.06,28.3,11
SUDHAKAR SINGH,BUXAR,Bihar,Lok Sabha,11,177,124124191.0,ASSISTANT ENGINEER RAMGARH,33.96,19.08,0.56,0.56,39
SUKANTA KUMAR PANIGRAHI,KANDHAMAL,Odisha,Lok Sabha,44,352,54209040.0,MAHAKUMBHA PROPERTIES PVT LIMITED,34.95,14.81,31.82,1.42,64
SUKHDEO BHAGAT,LOHARDAGA,Jharkhand,Lok Sabha,9,358,138586757.0,RAJEEV RANJAN JUNIOR ENGINEER,40.31,24.93,42.18,0.0,39
SUKHJINDER SINGH RANDHAWA,GURDASPUR,Punjab,Lok Sabha,178,400,56807613.0,MS SRV INTERNATIONAL,7.29,2.28,11.0,0.75,45
SUNIL BOSE,CHAMARAJANAGAR,Karnataka,Lok Sabha,6,96,50427615.0,KRIDL BHUSIRI ACCOUNT WORKS,34.85,31.13,47.92,0.0,13
SURENDRA PRASAD YADAV,JAHANABAD,Bihar,Lok Sabha,9,203,71115717.0,SIMRAN INDUSTRIES GROUP,21.77,14.77,1.48,1.48,41
SURESH GOPI,THRISSUR,Kerala,Lok Sabha,14,21,16001891.0,VIBINDAS,20.62,11.67,0.0,0.0,1
SURESH KUMAR SHETKAR,ZAHIRABAD,Telangana,Lok Sabha,25,134,30460371.0,MACHNOOR YELLAREDDY,26.81,12.62,11.19,10.45,19
Sanjay Haribhau Jadhav,PARBHANI,Maharashtra,Lok Sabha,32,49,40999822.0,PRUTHIVRAJ PRAMOD BHAMBLE PRO PRUTHIVIRAJ BHAMBLE,14.63,5.31,0.0,0.0,4
Sanjay Kumar Bandi,KARIMNAGAR,Telangana,Lok Sabha,60,307,65663959.0,Ahmed Raza,28.19,11.0,7.82,0.0,49
Sanjay Seth,RANCHI,Jharkhand,Lok Sabha,3,245,88234955.0,AMIT KUMAR JUNIOR ENGINEER,81.1,67.58,0.82,0.0,22
Sanjay Uttamrao Deshmukh,YAVATMAL-WASHIM,Maharashtra,Lok Sabha,24,42,24518118.0,Shriyog Electricals,16.06,6.63,0.0,0.0,5
Santosh Pandey,RAJNANDGAON,Chhattisgarh,Lok Sabha,125,251,62035049.0,gagan book supplier,6.04,1.49,67.33,2.79,16
Saptagiri Sankar Ulaka,KORAPUT,Odisha,Lok Sabha,65,236,68050166.0,RAMESWAR NAIK,15.89,4.72,80.51,2.12,35
Sasikanth Senthil,TIRUVALLUR,Tamil Nadu,Lok Sabha,50,134,89733784.0,L G Arasu,20.8,6.66,8.21,0.75,21
Saumitra khan,BISHNUPUR,West Bengal,Lok Sabha,18,52,57558347.0,MAA BHABANI CONSTRUCTION,24.5,11.28,0.0,5.77,8
Shankar Lalwani,INDORE,Madhya Pradesh,Lok Sabha,24,272,76896131.0,SHRI GANESH ASSOCIATES PROPRIETOR NARAYAN SHARMA,56.63,35.98,8.09,0.0,58
Shatrughan Sinha,ASANSOL,West Bengal,Lok Sabha,9,20,66966504.0,TECHNO BEST,35.81,25.59,0.0,0.0,3
Shri  Dharambir Singh,BHIWANI MAHENDRAGARH,Haryana,Lok Sabha,65,187,66166803.0,Bimla Automobiles,34.36,14.04,63.64,1.07,30
Shri A. A. Rahim (2022-28),Sitting Rajya Sabha,Kerala,Rajya Sabha,25,37,56944903.0,TATA MOTORS,16.97,7.37,0.0,2.7,1
Shri Abdul Wahab (2021-27),Sitting Rajya Sabha,Kerala,Rajya Sabha,121,164,93760670.0,SML ISUZU LTD,6.1,1.96,6.71,0.0,8
Shri Abhishek Banerjee,DIAMOND HARBOUR,West Bengal,Lok Sabha,141,262,71510891.0,S S CONSTRUCTION,7.35,1.43,11.07,0.0,26
Shri Aditya Prasad (2022-28),Sitting Rajya Sabha,Jharkhand,Rajya Sabha,16,383,159474868.0,PARMANAND PASWAN,46.51,32.53,30.03,0.26,35
Shri Ajay Makan (2024-30),Sitting Rajya Sabha,Karnataka,Rajya Sabha,4,10,35435523.0,Kodagu Nirmithi Kendra,84.34,72.42,10.0,0.0,1
Shri Akhilesh Prasad Singh (2024-30),Sitting Rajya Sabha,Bihar,Rajya Sabha,13,50,62309563.0,VAIBHAV VATSHALYA,20.86,12.46,6.0,4.0,6
Shri Amar Pal Maurya (2024-30),Sitting Rajya Sabha,Uttar Pradesh,Rajya Sabha,13,33,26365566.0,NARAYAN MARBLES,22.14,13.48,3.03,9.09,2
Shri Amar Singh,FATEHGARH SAHIB,Punjab,Lok Sabha,230,533,43758588.0,Bristo Security System,4.56,1.52,6.75,1.88,87
Shri Amit Shah,GANDHINAGAR,Gujarat,Lok Sabha,9,27,11529274.0,AEON MEDICAL PVT LTD,43.21,29.85,11.11,0.0,2
Shri Anil Firojiya,UJJAIN,Madhya Pradesh,Lok Sabha,90,290,77471399.0,NATIONAL ENGINEERING WORKS,13.38,3.58,52.07,1.38,21
Shri Anil Kumar Yadav Mandadi (2024-30),Sitting Rajya Sabha,Telangana,Rajya Sabha,15,73,54363174.0,SANTRIX CONSTRUCTIONS,62.03,40.05,60.27,0.0,14
Shri Arjun Ram Meghwal,BIKANER,Rajasthan,Lok Sabha,32,46,34147300.0,AKHIL BHARTIYA BISHNOI MAHASABHA,7.32,4.13,13.04,6.52,0
Shri Arun Kumar Sagar,SHAHJAHANPUR,Uttar Pradesh,Lok Sabha,6,45,138723000.0,RMK ENTERPRISES,27.33,20.64,44.44,0.0,12
Shri Arun Singh (2020-26),Sitting Rajya Sabha,Uttar Pradesh,Rajya Sabha,32,197,151462382.0,Randheer Enterprises,8.32,5.22,0.51,1.52,32
Shri Ashok Singh (2024-30),Sitting Rajya Sabha,Madhya Pradesh,Rajya Sabha,37,58,18362339.0,GRAM PANCHAYAT AMODA,10.21,4.54,46.55,3.45,5
Shri Ashokrao Shankarrao Chavan (2024-30),Sitting Rajya Sabha,Maharashtra,Rajya Sabha,5,8,8968982.0,Kailash Pandit Chavan,33.35,25.3,0.0,0.0,1
Shri Ashwini Vaishnaw (2024-30),Sitting Rajya Sabha,Odisha,Rajya Sabha,16,23,20469117.0,VALUABLE WHEELS INDIA PRIVATE LIMITED,27.21,14.25,13.04,8.7,3
Shri B Y Raghavendra,SHIMOGA,Karnataka,Lok Sabha,12,298,70428761.0,Nirmithi Kendra Shivamogga,44.8,30.33,39.6,0.34,46
Shri B. Parthasaradhi Reddy (2022-28),Sitting Rajya Sabha,Telangana,Rajya Sabha,2,7,5945528.0,Realty Shield Services Private Limited,55.43,50.59,0.0,0.0,1
Shri B.L. Verma (2020-26),Sitting Rajya Sabha,Uttar Pradesh,Rajya Sabha,14,804,168937264.09,ND CONTRACTOR,58.19,45.65,0.62,0.12,48
Shri Babubhai Jesangbhai Desai (2023-29),Sitting Rajya Sabha,Gujarat,Rajya Sabha,106,172,85880425.0,MAHARANI MEDI CARE PVT LTD,5.8,1.67,69.77,2.33,25
Shri Baburam Nishad (2022-28),Sitting Rajya Sabha,Uttar Pradesh,Rajya Sabha,17,595,136082109.32,shyam swaroop manufacturere,45.89,27.02,3.36,0.5,36
Shri Balyogi Umeshnath (2024-30),Sitting Rajya Sabha,Madhya Pradesh,Rajya Sabha,52,84,42047000.0,GP ANANDIPURA A,4.76,2.46,98.81,4.76,1
Shri Banshilal Gurjar (2024-30),Sitting Rajya Sabha,Madhya Pradesh,Rajya Sabha,20,95,41674435.0,Chief MANAGER OFFICE MEGA PLANning LOcal Area MAndsaur,29.98,16.31,92.63,2.11,20
Shri Benny Behanan,CHALAKUDY,Kerala,Lok Sabha,18,35,29054612.0,TATA MOTORS,17.43,10.46,5.71,5.71,4
Shri Bhartruhari Mahtab,CUTTACK,Odisha,Lok Sabha,62,281,37017579.0,Rabindra Nath Singh,7.69,3.16,17.08,1.42,52
Shri Birendra Prasad Baishya (2025-31),Sitting Rajya Sabha,Assam,Rajya Sabha,18,26,27790330.0,CONSTRUCTION OF ZUBEEN GARG KHETRA,12.95,7.33,73.08,3.85,0
Shri Brij Lal (2020-26),Sitting Rajya Sabha,Uttar Pradesh,Rajya Sabha,23,161,92124068.0,SHREYA CONSTRUCTION,18.59,9.78,49.07,1.24,5
Shri Chandra Prakash Choudhary,GIRIDIH,Jharkhand,Lok Sabha,6,305,57353516.0,Raj Kishor Mahato,28.42,24.46,56.72,11.48,45
Shri Chandrakant Damodar Handore (2024-30),Sitting Rajya Sabha,Maharashtra,Rajya Sabha,12,27,92046911.0,Kolte Patil Developer,37.82,27.62,7.41,3.7,8
Shri Chunnilal Garasiya (2024-30),Sitting Rajya Sabha,Rajasthan,Rajya Sabha,80,178,75910578.0,JAY HANUMAN TRADERS,9.8,4.45,28.65,1.12,33
Shri Damodar Rao Divakonda (2022-28),Sitting Rajya Sabha,Telangana,Rajya Sabha,47,195,77052481.0,M Harish,12.58,5.08,9.74,0.0,19
Shri Deepak (Dev) Adhikari,GHATAL,West Bengal,Lok Sabha,12,176,87788715.0,DUTTA ENTERPRISE,27.91,20.92,0.0,0.0,26
Shri Derek O' Brien (2023-29),Sitting Rajya Sabha,West Bengal,Rajya Sabha,6,16,70787264.0,KHIVRAJ MOTORS,46.62,40.98,0.0,0.0,0
Shri Devendra Pratap Singh (2024-30),Sitting Rajya Sabha,Chhattisgarh,Rajya Sabha,10,14,8275468.0,Punit Kumar Agrawal,19.33,12.38,57.14,0.0,0
Shri Dhananjay Bhimrao Mahadik (2022-28),Sitting Rajya Sabha,Maharashtra,Rajya Sabha,32,41,48415797.0,RAI INDUSTRIES,10.31,4.89,14.63,0.0,5
Shri Dorjee Tshering Lepcha (2024-30),Sitting Rajya Sabha,Sikkim,Rajya Sabha,29,183,91921040.0,ASSISTANT ENGINEER ZILLA PANCHAYAT OFFICE,19.96,11.69,1.09,0.0,18
Shri G.C. Chandrashekhar (2024-30),Sitting Rajya Sabha,Karnataka,Rajya Sabha,42,149,69767504.0,N G GANESH BABU,37.06,16.4,16.11,2.01,29
Shri Ghanshyam Tiwari (2022-28),Sitting Rajya Sabha,Rajasthan,Rajya Sabha,111,190,45570943.0,SHREE JAANKINATA CONSTRUCTION CO,5.48,2.72,10.0,4.74,19
Shri Golla Baburao (2024-30),Sitting Rajya Sabha,Andhra Pradesh,Rajya Sabha,11,22,20341881.0,C RAJA REDDY,23.13,15.11,13.64,13.64,5
Shri Govindbhai Laljibhai Dholakia (2024-30),Sitting Rajya Sabha,Gujarat,Rajya Sabha,46,59,27272966.0,SHREE GANESH INFOTECH,9.17,4.19,61.02,1.69,5
Shri Gulam Ali (2022-28),Nominated Rajya Sabha,Jammu And Kashmir,Rajya Sabha,23,193,134148715.0,RMK ENTERPRISES,39.49,21.77,2.07,1.55,16
Shri Gurjeet Singh Aujla,AMRITSAR,Punjab,Lok Sabha,127,330,67674872.0,THE CHAWINDA COOPRATIVE LABOUR AND CONSTRUCTION SOCIETY,25.93,11.11,11.52,1.52,54
Shri Hanuman Beniwal,NAGAUR,Rajasthan,Lok Sabha,105,318,68636220.0,AEN O N M AVVNL,6.12,2.1,17.61,0.94,34
Shri Harbhajan Singh (2022-28),Sitting Rajya Sabha,Punjab,Rajya Sabha,187,530,101056126.52,BIROKE BUILDERS PVT LTD,8.13,2.75,9.25,0.57,108
Shri Hardeep Singh Puri (2020-26),Sitting Rajya Sabha,Uttar Pradesh,Rajya Sabha,55,885,180480217.2,Vimal Enterprises,11.1,4.49,3.16,0.0,120
Shri Haris Beeran (2024-30),Sitting Rajya Sabha,Kerala,Rajya Sabha,21,24,17910402.0,PM ABDUL KAREEM,20.41,11.48,0.0,4.17,0
Shri Harsh Mahajan (2024-30),Sitting Rajya Sabha,Himachal Pradesh,Rajya Sabha,158,476,75761105.0,BDO MASHOBRA RAJYA SABHA,6.73,1.71,76.68,1.05,73
Shri Hibi Eden,ERNAKULAM,Kerala,Lok Sabha,18,34,24928980.0,VE Commercial Vehicles Ltd,55.07,33.56,8.82,0.0,2
Shri I.S. Inbadurai (2025-31),Sitting Rajya Sabha,Tamil Nadu,Rajya Sabha,7,31,15065385.0,K G CONSTRUCTIONS,29.6,20.94,25.81,0.0,7
Shri Ilaiyaraaja (2022-28),Nominated Rajya Sabha,Tamil Nadu,Rajya Sabha,6,28,44381022.0,K VANARAJ,30.65,27.16,21.43,0.0,5
Shri Imran Pratapgarhi (2022-28),Sitting Rajya Sabha,Maharashtra,Rajya Sabha,23,75,102738277.0,UNITY ENTERPRISES,27.25,12.02,9.33,0.0,11
Shri Jagat Prakash Nadda (2024-30),Sitting Rajya Sabha,Gujarat,Rajya Sabha,5,5,2100000.0,GRAM PANCHAYAT NANASADA MAHATMA GANDHI SWACHHATA MISSION YOJNA,23.81,21.54,100.0,20.0,0
Shri Jaggesh (2022-28),Sitting Rajya Sabha,Karnataka,Rajya Sabha,36,166,130587101.0,Rakesh N,22.91,12.07,9.04,0.0,35
Shri Jairam Ramesh (2022-28),Sitting Rajya Sabha,Karnataka,Rajya Sabha,4,79,73553485.0,KRIDL BHUSIRI ACCOUNT WORKS,84.92,73.87,63.29,1.27,20
Shri Janardan Singh Sigriwal,MAHARAJGANJ,Bihar,Lok Sabha,28,45,47230253.0,Lokbharti Prakashan,25.41,9.07,13.33,2.22,4
Shri Javed Ali Khan (2022-28),Sitting Rajya Sabha,Uttar Pradesh,Rajya Sabha,29,261,162685314.28,HIDAYA QIRAT ENTERPRISES,40.05,22.15,3.83,3.83,37
Shri Jayant Chaudhary (2022-28),Sitting Rajya Sabha,Uttar Pradesh,Rajya Sabha,14,25,43141697.0,Vaid Associates,24.17,12.67,8.0,12.0,0
Shri Jogen Mohan (2026-32),Sitting Rajya Sabha,Assam,Rajya Sabha,1,1,1500000.0,CONST OF ROAD FROM B B LINKED ROAD TO UPEN DAS HOUSE AT BAMUN BARADI,100.0,100.0,100.0,100.0,0
Shri Jose K. Mani (2024-30),Sitting Rajya Sabha,Kerala,Rajya Sabha,37,44,19384930.0,VE Commercial Vehicles Ltd,10.83,4.02,6.82,0.0,0
Shri Jual Oram,SUNDARGARH,Odisha,Lok Sabha,65,278,66763914.0,Geetanjali Traders,31.85,12.08,20.86,9.71,27
Shri Jugal Kishore Sharma,JAMMU,Jammu And Kashmir,Lok Sabha,64,97,30668749.0,Rajinder singh Randhawa,7.96,3.14,6.19,2.06,10
Shri Jyotirmay Singh Mahato,PURULIA,West Bengal,Lok Sabha,1,31,11711831.0,ATANU PATRA,100.0,100.0,0.0,0.0,3
Shri K.R.N. Rajeshkumar (2022-28),Sitting Rajya Sabha,Tamil Nadu,Rajya Sabha,55,97,152999036.0,MOOKAMBIKA CONSTRUCTION,14.24,5.02,22.68,1.03,7
Shri Kanad Purkayastha (2025-31),Sitting Rajya Sabha,Assam,Rajya Sabha,11,37,28001397.0,ABDUL KALAM BARBHUIYA,33.77,16.05,27.03,8.11,9
Shri Kapil Sibal (2022-28),Sitting Rajya Sabha,Uttar Pradesh,Rajya Sabha,37,291,94339935.12,J R Group,33.99,13.45,4.47,4.12,43
Shri Karti P Chidambaram,SIVAGANGA,Tamil Nadu,Lok Sabha,87,147,98344507.0,M KARTHIKEYAN,10.17,3.13,23.13,0.0,9
Shri Kartikeya Sharma (2022-28),Sitting Rajya Sabha,Haryana,Rajya Sabha,1,2,1161226.0,KMT Construction Company,100.0,100.0,0.0,0.0,0
Shri Kesridevsinh Jhala (2023-29),Sitting Rajya Sabha,Gujarat,Rajya Sabha,35,52,26663551.0,JEDA ENTERPRISE,20.63,7.16,53.85,1.92,5
Shri Khiru Mahto (2022-28),Sitting Rajya Sabha,Bihar,Rajya Sabha,42,176,183791258.0,ASSISTANT ENGINEER FATUHA,26.51,17.36,1.14,0.0,32
Shri Kumbakudi Sudhakaran,KANNUR,Kerala,Lok Sabha,26,98,26785182.0,Keltron Component complex Ltd Kannur,22.62,9.59,46.94,17.35,10
Shri LS Tejasvi Surya,BANGALORE SOUTH,Karnataka,Lok Sabha,20,51,40913804.0,Raju Bhargav R,26.64,12.21,13.73,0.0,12
Shri Lahar Singh Siroya (2022-28),Sitting Rajya Sabha,Karnataka,Rajya Sabha,5,8,9964305.0,YASHODA R,49.93,33.98,12.5,0.0,0
Shri M K Raghavan,KOZHIKODE,Kerala,Lok Sabha,17,26,9365325.0,Nisar T P,18.03,8.82,0.0,0.0,4
Shri Madan Rathore (2024-30),Sitting Rajya Sabha,Rajasthan,Rajya Sabha,194,229,32632145.0,AKHIL BHARTIYA BISHNOI MAHASABHA,6.13,2.91,4.8,2.62,6
Shri Mahendra Bhatt (2024-30),Sitting Rajya Sabha,Uttarakhand,Rajya Sabha,50,159,23254909.0,ARUN KUMAR,12.86,6.84,3.14,0.63,15
Shri Manan Kumar Mishra (2024-28),Sitting Rajya Sabha,Bihar,Rajya Sabha,24,40,39945301.0,NITU DEVI,19.84,9.16,0.0,2.5,1
Shri Manas Ranjan Mangaraj (2022-28),Sitting Rajya Sabha,Odisha,Rajya Sabha,23,31,13305000.0,BUDHIRAM TIYU,7.52,5.21,70.97,0.0,2
Shri Masthan Rao Yadav Beedha (2024-28),Sitting Rajya Sabha,Andhra Pradesh,Rajya Sabha,26,46,35512349.0,Chejarla Suresh Reddy,14.0,6.19,0.0,0.0,11
Shri Mayankkumar Nayak (2024-30),Sitting Rajya Sabha,Gujarat,Rajya Sabha,42,66,19560868.0,ASIAN CONSTRUCTION,8.39,3.6,53.03,0.0,5
Shri Meda Raghunadha Reddy (2024-30),Sitting Rajya Sabha,Andhra Pradesh,Rajya Sabha,54,138,81390969.0,SRI NELCO ENTERPRISES,8.16,3.34,0.0,4.35,23
Shri Milind Murli Deora (2024-30),Sitting Rajya Sabha,Maharashtra,Rajya Sabha,2,2,999996.0,Saurabh Vilas Kamane,50.0,50.0,50.0,0.0,0
Shri Mithlesh Kumar (2022-28),Sitting Rajya Sabha,Uttar Pradesh,Rajya Sabha,11,232,170753928.0,HIDAYA QIRAT ENTERPRISES,32.73,24.7,1.72,0.0,22
Shri Mohammed Nadimul Haque (2024-30),Sitting Rajya Sabha,West Bengal,Rajya Sabha,6,16,45077861.0,KHIVRAJ MOTORS,51.67,42.46,0.0,0.0,0
Shri Mukul Wasnik (2022-28),Sitting Rajya Sabha,Rajasthan,Rajya Sabha,283,455,114656779.00999999,Famous Fountains,3.69,1.57,8.13,0.88,51
Shri NK Premachandran,KOLLAM,Kerala,Lok Sabha,54,106,65801960.0,SML ISUZU LTD,10.39,4.23,1.89,0.94,10
Shri Nagendra Ray (2023-29),Sitting Rajya Sabha,West Bengal,Rajya Sabha,8,14,91735859.0,SAJAL KUMAR KAR,36.41,21.72,0.0,7.14,1
Shri Narain Dass Gupta (2024-30),Sitting Rajya Sabha,Delhi,Rajya Sabha,11,16,24703922.0,BANSAL ELECTRIC STORE,38.95,21.48,0.0,0.0,1
Shri Narayanasa K. Bhandage (2024-30),Sitting Rajya Sabha,Karnataka,Rajya Sabha,34,164,76863625.0,RAJASHEKAR PATIL,32.63,13.59,12.2,0.61,27
Shri Narendra Modi,VARANASI,Uttar Pradesh,Lok Sabha,91,192,89119541.0,NEETU CONSTRUCTION,7.86,2.07,0.0,19.27,20
Shri Naresh Bansal (2020-26),Sitting Rajya Sabha,Uttarakhand,Rajya Sabha,86,215,124316327.0,Manju Choudhary,19.74,5.54,8.37,1.4,26
Shri Naveen Jain (2024-30),Sitting Rajya Sabha,Uttar Pradesh,Rajya Sabha,2,94,64773227.0,SAI ENTERPRISES,82.3,70.86,0.0,0.0,14
Shri Neeraj Shekhar (2020-26),Sitting Rajya Sabha,Uttar Pradesh,Rajya Sabha,5,176,90266672.0,SHAIL CONSTRUCTION,63.69,46.59,1.14,0.0,45
Shri Nitin Laxmanrao Jadhav Patil (2024-28),Sitting Rajya Sabha,Maharashtra,Rajya Sabha,3,4,4496048.0,SHIVESHAMBHO MAJUR SAHAKARI SANSTHA LTD SHINDEWADE,44.46,35.82,25.0,25.0,0
Shri P. Chidambaram (2022-28),Sitting Rajya Sabha,Tamil Nadu,Rajya Sabha,61,190,134466470.0,D GANESAN ALANGADU,13.04,5.09,18.95,0.53,29
Shri P. P. Suneer (2024-30),Sitting Rajya Sabha,Kerala,Rajya Sabha,14,31,18439441.0,VE Commercial Vehicles Ltd,25.08,14.15,3.23,0.0,1
Shri P. Wilson (2025-31),Sitting Rajya Sabha,Tamil Nadu,Rajya Sabha,2,4,9998159.0,THAMOTHARAN L,50.01,50.0,0.0,0.0,0
Shri PP Chaudhary,PALI,Rajasthan,Lok Sabha,118,143,12964180.0,Om Construction Rohat,8.48,5.31,0.7,0.7,5
Shri Pabitra Margherita (2022-28),Sitting Rajya Sabha,Assam,Rajya Sabha,50,113,63765614.44,MS Allied Construction Co,7.84,3.74,27.43,0.0,17
Shri Paka Venkata Satyanarayana (2025-28),Sitting Rajya Sabha,Andhra Pradesh,Rajya Sabha,1,1,1599035.0,EXECUTIVE ENGINEER APCPDCL CHIRALA,100.0,100.0,0.0,0.0,0
Shri Pradip Kumar Varma (2024-30),Sitting Rajya Sabha,Jharkhand,Rajya Sabha,10,244,101069118.0,Junior Engineer Zila Parishad Prashant Kumar,54.25,36.15,23.36,0.82,22
Shri Praful Patel (2024-30),Sitting Rajya Sabha,Maharashtra,Rajya Sabha,27,38,25836264.0,NEELAM YOGESH JAISWAL,13.45,5.29,18.42,2.63,4
Shri Pramod Tiwari (2022-28),Sitting Rajya Sabha,Rajasthan,Rajya Sabha,139,220,101024659.0,HUKAM SINGH CONSTRUCTION COMPANY,6.88,1.85,24.09,0.91,20
Shri R. Dharmar (2022-28),Sitting Rajya Sabha,Tamil Nadu,Rajya Sabha,19,198,207877791.0,LUCKY ASSOCIATES,36.43,23.14,1.52,0.0,39
Shri R. Girirajan (2022-28),Sitting Rajya Sabha,Tamil Nadu,Rajya Sabha,16,191,165928789.0,JF JAVID HUSSAIN,57.2,38.62,13.09,0.52,34
Shri Raghav Chadha (2022-28),Sitting Rajya Sabha,Punjab,Rajya Sabha,19,35,35563356.0,Brightway Contractor and Developers,59.27,39.32,0.0,2.86,5
Shri Rajeev Shukla (2022-28),Sitting Rajya Sabha,Chhattisgarh,Rajya Sabha,20,35,40599928.0,Samriddhi Enterprises,73.89,55.1,91.43,5.71,3
Shri Rajib Bhattacharjee (2024-28),Sitting Rajya Sabha,Tripura,Rajya Sabha,20,39,34210580.0,Jain Udyog,13.29,7.25,7.69,5.13,5
Shri Rajmohan Unnithan,KASARAGOD,Kerala,Lok Sabha,21,121,29132579.0,Keltron Component complex Ltd Kannur,30.39,19.76,39.67,8.26,12
Shri Ramji (2020-26),Sitting Rajya Sabha,Uttar Pradesh,Rajya Sabha,7,258,141923083.0,SHRI SAI ELECTRICAL SUPPLIERS CONTRACTOR,39.78,31.95,0.0,32.56,26
Shri Ramji Lal Suman (2024-30),Sitting Rajya Sabha,Uttar Pradesh,Rajya Sabha,4,120,93005621.0,ASHOK KUMAR,42.25,34.62,0.0,0.0,29
Shri Randeep Singh Surjewala (2022-28),Sitting Rajya Sabha,Rajasthan,Rajya Sabha,193,279,61282096.0,SHARMA CONTRACTOR,4.88,2.08,8.6,8.96,38
Shri Ratanjit Pratap Narain Singh (2024-30),Sitting Rajya Sabha,Uttar Pradesh,Rajya Sabha,36,215,89937432.0,BINDU DEVI,36.1,22.65,16.28,0.93,44
Shri Ravi Chandra Vaddiraju (2024-30),Sitting Rajya Sabha,Telangana,Rajya Sabha,56,165,74168159.0,BHOJYA GUGULOTH,7.98,3.43,3.03,1.82,27
Shri Rwngwra Narzary (2022-28),Sitting Rajya Sabha,Assam,Rajya Sabha,75,177,119812440.0,MS Dwithun Basumatary Enterprise,13.85,3.43,51.41,1.13,20
Shri Ryaga Krishnaiah (2024-28),Sitting Rajya Sabha,Andhra Pradesh,Rajya Sabha,11,38,61002205.0,SRI NELCO ENTERPRISES,29.6,17.02,0.0,2.63,6
Shri S Niranjan Reddy (2022-28),Sitting Rajya Sabha,Andhra Pradesh,Rajya Sabha,11,30,29522116.0,IMMALRAJU VENKATASATYA NARAYANARAJU,20.02,11.87,6.67,10.0,3
Shri S. Jaishankar (2023-29),Sitting Rajya Sabha,Gujarat,Rajya Sabha,7,60,31616893.0,CONNECTWAVE INTEGRATIONS PVT LTD,72.02,54.41,0.0,0.0,5
Shri S. Kalyanasundaram (2022-28),Sitting Rajya Sabha,Tamil Nadu,Rajya Sabha,40,188,183132534.0,LUCKY ASSOCIATES,22.43,11.63,6.38,3.72,26
Shri S. Selvaganabathy (2021-27),Sitting Rajya Sabha,Puducherry,Rajya Sabha,60,92,101658946.0,VELUSAMY C,7.28,3.39,4.35,13.04,6
Shri S.R. Sivalingam (2025-31),Sitting Rajya Sabha,Tamil Nadu,Rajya Sabha,6,25,27371677.0,APU Constructions,42.01,26.83,52.0,0.0,5
Shri Sadanand Mhalu Shet Tanavade (2023-29),Sitting Rajya Sabha,Goa,Rajya Sabha,8,26,37836353.99,TATA MOTORS,48.91,34.53,15.38,0.0,3
Shri Samik Bhattacharya (2024-30),Sitting Rajya Sabha,West Bengal,Rajya Sabha,18,28,28774223.0,Ananda Mohan Sui,10.43,7.02,14.29,14.29,1
Shri Samirul Islam (2023-29),Sitting Rajya Sabha,West Bengal,Rajya Sabha,7,17,71238651.0,KHIVRAJ MOTORS,51.77,43.67,0.0,0.0,0
Shri Sandosh Kumar P (2022-28),Sitting Rajya Sabha,Kerala,Rajya Sabha,42,72,55957933.0,VE Commercial Vehicles Ltd,16.44,5.86,1.39,1.39,5
Shri Sanjay Kumar Jha (2024-30),Sitting Rajya Sabha,Bihar,Rajya Sabha,3,6,5078584.0,ASSISTANT ENGINEER JHANJHARPUR,53.42,40.02,0.0,0.0,0
Shri Sanjay Raut (2022-28),Sitting Rajya Sabha,Maharashtra,Rajya Sabha,16,29,67167846.0,Kamal Enterprises,23.8,13.32,3.45,0.0,6
Shri Sanjay Seth (2024-30),Sitting Rajya Sabha,Uttar Pradesh,Rajya Sabha,9,48,56357801.0,BALAJI CONSTRUCTIONS,68.55,50.08,2.08,4.17,6
Shri Sanjay Singh (2024-30),Sitting Rajya Sabha,Delhi,Rajya Sabha,16,23,17660934.0,KHANNA SALES CORPORATION,12.8,7.98,0.0,4.35,3
Shri Sant Balbir Singh (2022-28),Sitting Rajya Sabha,Punjab,Rajya Sabha,252,763,131641205.41,Satnam Process Engineering,20.7,8.17,5.64,0.92,133
Shri Sarbananda Sonowal (18LS),DIBRUGARH,Assam,Lok Sabha,25,63,23919705.0,BIRAJ DIHINGIA,11.92,6.01,12.7,0.0,9
Shri Satish Chandra Dubey (2022-28),Sitting Rajya Sabha,Bihar,Rajya Sabha,45,207,160336407.0,ASSISTANT ENGINEER NARKATIYAGINJ,18.02,6.97,2.9,0.97,26
Shri Satish Kumar Gautam,ALIGARH,Uttar Pradesh,Lok Sabha,4,127,87713538.0,S K CONSTRUCTION,43.93,30.62,1.57,0.0,29
Shri Satnam Singh Sandhu (2024-30),Nominated Rajya Sabha,Chandigarh,Rajya Sabha,27,59,9104144.0,Sohan Lal Mehta,23.02,9.6,10.17,1.69,11
Shri Shambhu Sharan Patel (2022-28),Sitting Rajya Sabha,Bihar,Rajya Sabha,27,222,175884824.0,Anil Electricals,30.0,14.52,11.26,0.45,37
Shri Shantanu Thakur,BANGAON,West Bengal,Lok Sabha,2,8,5993836.0,MAA KALI BUILDERS,71.54,59.28,12.5,0.0,3
Shri Subhash Barala (2024-30),Sitting Rajya Sabha,Haryana,Rajya Sabha,28,61,29532538.0,THE BARTA CO OP  L AND C SOCIETY,12.09,6.25,3.28,0.0,2
Shri Subhasish Khuntia (2024-30),Sitting Rajya Sabha,Odisha,Rajya Sabha,14,34,6285385.0,TAPABANTA SAHOO,44.67,24.45,29.41,8.82,2
Shri Sudheer Gupta,MANDSOUR,Madhya Pradesh,Lok Sabha,26,175,21420844.0,CEO JANPAD PANCHAYAT MANDSAUR,23.11,11.07,77.14,4.0,19
Shri Surendra Singh Nagar (2022-28),Sitting Rajya Sabha,Uttar Pradesh,Rajya Sabha,15,281,109500434.16,BALAJI SUPPLIER,31.58,19.52,1.07,3.2,35
Shri Suresh Kodikunnil,MAVELIKKARA,Kerala,Lok Sabha,29,86,42019767.0,TATA MOTORS,14.89,8.06,1.16,1.16,13
Shri Tapir Gao,ARUNACHAL EAST,Arunachal Pradesh,Lok Sabha,112,199,98534470.0,BKM Enterprises,10.85,2.98,43.22,0.0,39
Shri Tejveer Singh (2024-30),Sitting Rajya Sabha,Uttar Pradesh,Rajya Sabha,21,152,89900058.0,MAA LAXMI CONTRACTOR AND SUPPLIERS,18.08,9.83,0.66,0.0,39
Shri V. Vijayendra Prasad (2022-28),Nominated Rajya Sabha,Andhra Pradesh,Rajya Sabha,27,113,90827947.0,GOLLA SURESH KUMAR,21.84,7.86,37.17,5.31,19
Shri Vivek K. Tankha (2022-28),Sitting Rajya Sabha,Madhya Pradesh,Rajya Sabha,242,635,116845421.0,MP AGRO JABALPUR,3.79,1.09,41.42,0.94,88
Shri Yerram Venkata Subba Reddy (2024-30),Sitting Rajya Sabha,Andhra Pradesh,Rajya Sabha,22,72,33232213.0,GOTTIPATI MADHUSUDHANA RAO,11.33,5.62,0.0,4.17,18
Shri vijayakumar Vasanth,KANNIYAKUMARI,Tamil Nadu,Lok Sabha,29,67,61773452.0,R CHANDRASEKARAN,29.13,11.82,20.9,2.99,6
Shrikant Eknath Shinde,KALYAN,Maharashtra,Lok Sabha,1,1,325000.0,Pro Ortho Perfect India Pvt Ltd,100.0,100.0,0.0,0.0,0
Shripad Yesso Naik,NORTH GOA,Goa,Lok Sabha,5,25,15476370.0,A S ENTERPRISES,58.96,41.14,0.0,0.0,6
Shrirang Appa Barne,MAVAL,Maharashtra,Lok Sabha,20,54,36220911.0,ASHUTOSH HANUMANT BALKAVADE,24.76,12.94,46.3,1.85,4
Shyamkumar,RAMTEK,Maharashtra,Lok Sabha,6,6,5141086.0,GRAMPANCHAYAT LOHDONGRI,23.11,18.26,0.0,16.67,0
Sivanath Kesineni,VIJAYAWADA,Andhra Pradesh,Lok Sabha,3,3,6329561.0,Power Solutions,51.98,38.62,0.0,0.0,0
Smt Anupriya Patel,MIRZAPUR,Uttar Pradesh,Lok Sabha,3,10,51732584.0,Atharv Enterprises,66.58,55.07,0.0,0.0,2
Smt Aparajita Sarangi,BHUBANESWAR,Odisha,Lok Sabha,40,229,32303960.0,Subhasmita Sahoo,13.18,6.01,20.52,7.86,37
Smt Dimple Yadav,MAINPURI,Uttar Pradesh,Lok Sabha,22,149,71873231.0,MANI CONSTRUCTION,17.37,8.38,0.0,16.11,21
Smt Harsimrat Kaur Badal,BHATINDA,Punjab,Lok Sabha,454,1509,86764668.0,Sham Lal Gurpta,3.04,0.79,4.64,6.16,318
Smt Hema Malini,MATHURA,Uttar Pradesh,Lok Sabha,14,82,40721168.0,JAY MAHAVEER INFRAVENTURE PRIVATE LIMITED,33.41,18.22,12.2,0.0,17
Smt Himadri Singh,SHAHDOL,Madhya Pradesh,Lok Sabha,47,187,60185831.0,MS SANJAY KUMAR TIWARI,20.11,6.04,36.9,10.16,13
Smt Poonamben Hematbhai Maadam,JAMNAGAR,Gujarat,Lok Sabha,57,62,26767387.0,UDYATI CONTRUCTION,3.74,2.03,4.84,8.06,3
Smt Raksha Nikhil Khadse,RAVER,Maharashtra,Lok Sabha,3,3,5871973.0,GopiKrishana Majoor Sahakari Sanstha Ruikheda,50.66,39.49,0.0,0.0,0
Smt S Jothimani,KARUR,Tamil Nadu,Lok Sabha,29,103,48601252.0,P S STALIN,21.87,9.27,7.77,2.91,16
Smt Sajda Ahmed,ULUBERIA,West Bengal,Lok Sabha,63,113,47622814.0,MONIMOY SINGHA ROY,14.54,4.17,3.54,3.54,8
Smt Sandhya Ray,BHIND,Madhya Pradesh,Lok Sabha,2,158,25218035.0,MP STATE AGRO INDUSTRIES DEV CORP LTD,66.0,55.12,0.0,0.0,6
Smt Sangeeta Kumari Singh Deo,BOLANGIR,Odisha,Lok Sabha,14,14,4193424.0,ALOK KUMAR NAYAK,11.92,7.56,78.57,7.14,0
Smt Satabdi Roy (Banerjee),BIRBHUM,West Bengal,Lok Sabha,51,67,48307379.6,GOODWILL COMMERCIAL,19.22,8.3,7.46,0.0,5
Smt Supriya Sadanand Sule,BARAMATI,Maharashtra,Lok Sabha,26,34,25041557.0,SAMARTHA ENTERPRISES,7.97,4.56,14.71,5.88,4
Smt Veena Devi,VAISHALI,Bihar,Lok Sabha,5,49,131108889.0,intent computer solutions,43.89,34.05,65.31,0.0,11
Smt. Adhikarimayum Sharda Devi (2026-32),Sitting Rajya Sabha,Manipur,Rajya Sabha,1,1,1800000.0,Akin construction and supply,100.0,100.0,100.0,0.0,0
Smt. Darshana Singh (2022-28),Sitting Rajya Sabha,Uttar Pradesh,Rajya Sabha,20,133,174994106.0,RAMJI CONSTRUCTION,28.65,15.0,5.26,0.75,24
Smt. Geeta alias Chandraprabha (2020-26),Sitting Rajya Sabha,Uttar Pradesh,Rajya Sabha,6,313,169877016.35,RAHISH WARSI,58.79,42.17,1.6,0.0,40
Smt. Jaya Amitabh Bachchan (2024-30),Sitting Rajya Sabha,Uttar Pradesh,Rajya Sabha,7,21,21904185.0,Asha Construction,45.99,26.82,0.0,0.0,2
Smt. Jebi Mather Hisham (2022-28),Sitting Rajya Sabha,Kerala,Rajya Sabha,53,76,54661936.0,SML ISUZU LTD,7.63,3.02,6.58,1.32,4
Smt. Laxmi Verma (2026-32),Sitting Rajya Sabha,Chhattisgarh,Rajya Sabha,2,2,1250000.0,MUKHYA KARYAPALAN ADHIKARI JANPAD PANCHAYAT PONDI UPRODA,60.0,52.0,100.0,0.0,0
Smt. Mahua Maji (2022-28),Sitting Rajya Sabha,Jharkhand,Rajya Sabha,9,598,163193927.0,SAMEER TOPPO,35.96,24.61,10.7,0.0,63
Smt. Mamata Thakur (2024-30),Sitting Rajya Sabha,West Bengal,Rajya Sabha,5,55,44446422.0,Maa Laxmi Enterprise,48.78,33.28,0.0,0.0,16
Smt. Maya Naroliya (2024-30),Sitting Rajya Sabha,Madhya Pradesh,Rajya Sabha,81,181,70791767.0,GRAM PANCHAYAT KADAIYASHAH,14.2,4.48,64.09,4.97,21
Smt. Nirmala Sitharaman (2022-28),Sitting Rajya Sabha,Karnataka,Rajya Sabha,3,10,91394660.0,Dharwad Research and Technology Incubator Foundation,34.9,33.37,60.0,10.0,3
Smt. P. T. Usha (2022-28),Nominated Rajya Sabha,Kerala,Rajya Sabha,61,77,55206130.0,SML ISUZU LTD,7.56,2.89,2.6,1.3,1
Smt. Phulo Devi Netam (2026-32),Sitting Rajya Sabha,Chhattisgarh,Rajya Sabha,12,20,12348157.0,Rameshwar Gupta,40.49,20.34,70.0,20.0,3
Smt. Rajathi (2025-31),Sitting Rajya Sabha,Tamil Nadu,Rajya Sabha,10,23,21237106.0,P RAMAR PANDI,38.11,20.85,13.04,8.7,6
Smt. Ranjeet Ranjan (2022-28),Sitting Rajya Sabha,Chhattisgarh,Rajya Sabha,71,452,185739464.0,STARCARE ENTERPRISES LLP,17.03,6.3,37.83,4.87,52
Smt. Rekha Sharma (2024-28),Sitting Rajya Sabha,Haryana,Rajya Sabha,51,187,14183077.0,XEN City DHBVN Bhiwani,14.65,5.85,2.67,2.67,39
Smt. Renuka Chowdhury (2024-30),Sitting Rajya Sabha,Telangana,Rajya Sabha,3,7,3061296.0,Banoth Ramdas,45.06,35.51,0.0,0.0,3
Smt. S. Phangnon Konyak (2022-28),Sitting Rajya Sabha,Nagaland,Rajya Sabha,68,126,200229200.0,Y C Chingkap Konyak,12.49,4.65,88.89,0.79,1
Smt. Sadhna Singh (2024-30),Sitting Rajya Sabha,Uttar Pradesh,Rajya Sabha,7,37,101298179.0,UNITED GROUP OF CONSTRUCTION,48.45,34.71,18.92,0.0,9
Smt. Sagarika Ghose (2024-30),Sitting Rajya Sabha,West Bengal,Rajya Sabha,6,16,47289873.0,KHIVRAJ MOTORS,53.36,45.34,0.0,0.0,0
Smt. Sangeeta Yadav (2022-28),Sitting Rajya Sabha,Uttar Pradesh,Rajya Sabha,15,261,169940841.0,HARI TARA ASSOCIATES,21.93,14.69,3.83,0.38,25
Smt. Seema Dwivedi (2020-26),Sitting Rajya Sabha,Uttar Pradesh,Rajya Sabha,34,314,135441468.4,JAYA SRI INDUSTRIES,33.8,14.96,16.24,3.82,39
Smt. Sonia Gandhi (2024-30),Sitting Rajya Sabha,Rajasthan,Rajya Sabha,62,144,74225676.0,NEW INDIAN CONSTRUCTION COMPANY,5.34,2.48,40.28,2.08,22
Smt. Sudha Murty (2024-30),Nominated Rajya Sabha,Karnataka,Rajya Sabha,2,8,71000000.0,Nirmithi kendra vijayapur,92.96,86.91,25.0,0.0,2
Smt. Sulata Deo (2022-28),Sitting Rajya Sabha,Odisha,Rajya Sabha,92,305,89713285.0,PRAGNYA PARAMITA  SAHOO,8.94,3.2,40.66,0.98,49
Smt. Sumitra Balmik (2022-28),Sitting Rajya Sabha,Madhya Pradesh,Rajya Sabha,128,419,163767349.0,MS MANMOHAN SINGH KSHATRI,6.07,1.92,29.12,0.0,61
Sribharat MathuKumli,VISAKHAPATNAM,Andhra Pradesh,Lok Sabha,11,18,13181176.0,SHAIK SARDAR,24.26,13.41,0.0,16.67,2
Sudip Bandyopadhyay,KOLKATA UTTAR,West Bengal,Lok Sabha,23,31,46311063.0,M SHAW,20.51,11.0,19.35,0.0,2
Sunil Dattatray Tatkare,RAIGAD,Maharashtra,Lok Sabha,27,74,59406128.0,RASHIKA RAMBHAU DHUMAL,10.88,5.77,62.16,1.35,4
Sunil Kumar,VALMIKI NAGAR,Bihar,Lok Sabha,7,87,63664429.0,R K Construction,24.31,16.51,20.69,0.0,8
Suresh Kumar Kashyap,SHIMLA,Himachal Pradesh,Lok Sabha,183,591,90424211.0,Block Development officer Nahan,5.7,2.07,94.59,0.85,77
Swami Sachchidanandhari Sakshi ji Maharaj,UNNAO,Uttar Pradesh,Lok Sabha,7,69,68421377.0,RAJESH KUMAR PAL,90.91,82.83,8.7,10.14,12
T Sumathy (A) Thamizhachi Thangapandian,CHENNAI SOUTH,Tamil Nadu,Lok Sabha,8,25,28530278.0,L N DREAMWAY CONSTRUCTION,36.73,21.25,12.0,0.0,2
TANGELLA UDAY SRINIVAS,KAKINADA,Andhra Pradesh,Lok Sabha,10,11,18078040.0,SRI MURALI KRISHNA CONSTRUCTIONS,32.96,17.99,0.0,9.09,1
TANUJ PUNIA,BARABANKI,Uttar Pradesh,Lok Sabha,4,30,83397272.0,Praharsh Infrastructure,92.06,84.98,0.0,0.0,4
TARIQ ANWAR,KATIHAR,Bihar,Lok Sabha,3,82,79735060.0,R K Construction,66.56,50.87,9.76,0.0,12
THANGA TAMILSELVAN,THENI,Tamil Nadu,Lok Sabha,34,56,49328291.0,JJ LALA PROJECTS PRIVATE LIMITED,6.28,3.7,8.93,10.71,6
THARANIVENTHAN M S,ARANI,Tamil Nadu,Lok Sabha,77,215,111465790.0,RAK INDUSTRIES,9.19,3.07,38.6,0.47,31
TOKHAN SAHU,BILASPUR,Chhattisgarh,Lok Sabha,94,158,55824852.0,RAJKUMAR TIWARI,5.68,1.81,71.52,3.8,5
TRIVENDRA SINGH RAWAT,HARDWAR,Uttarakhand,Lok Sabha,13,16,9309458.0,VINDHYA SOLAR AND LIGHTING SOLUTIONS,21.3,13.01,6.25,0.0,0
Thalikkottai Rajuthevar Baalu,SRIPERUMBUDUR,Tamil Nadu,Lok Sabha,27,90,71998395.0,E SEKAR,17.21,7.32,2.22,0.0,17
Thiru Dayanidhi Maran,CHENNAI CENTRAL,Tamil Nadu,Lok Sabha,4,8,30478390.0,A AND A BUILDERS AND PROMOTERS,64.57,46.99,0.0,0.0,1
Thirumaa Valavan Thol,CHIDAMBARAM,Tamil Nadu,Lok Sabha,36,81,69998691.0,Arikrishnan k,7.14,4.4,2.47,2.47,9
UJJWAL RAMAN SINGH,ALLAHABAD,Uttar Pradesh,Lok Sabha,19,67,64478327.0,MS VIDYARTHI CONSTRUCTION,28.47,16.65,0.0,8.96,14
UMMEDA RAM BENIWAL,BARMER,Rajasthan,Lok Sabha,71,188,66028772.0,Jasnath Computer sale and service,19.15,7.3,44.15,1.06,16
UTKARSH VERMA MADHUR,KHERI,Uttar Pradesh,Lok Sabha,4,699,74909150.0,Shiv kumar thekedar,46.01,40.71,0.0,0.0,22
V S Matheswaran,NAMAKKAL,Tamil Nadu,Lok Sabha,31,141,90580955.0,Hindusthan Power Technology,37.13,16.18,23.4,0.0,21
V. SOMANNA,TUMKUR,Karnataka,Lok Sabha,7,27,32543790.0,TUMKUR NIRMITHI KENDRA,52.92,37.66,55.56,37.04,3
VAMSI KRISHNA GADDAM,PEDDAPALLE,Telangana,Lok Sabha,13,22,16373473.0,SVR CONSTRUCTIONS,34.71,22.61,4.55,0.0,6
VARUN CHAUDHRY,AMBALA,Haryana,Lok Sabha,48,107,29577311.0,T A S C Group Co op L and C Society Toba,6.78,3.56,0.93,7.48,9
VIJAYLAKSHMI DEVI,SIWAN,Bihar,Lok Sabha,10,142,134748616.0,Alam Brothers,84.16,71.27,6.34,0.0,12
VINOD KUMAR BIND,BHADOHI,Uttar Pradesh,Lok Sabha,9,525,75517267.0,Gandhi Construction And Supplier,46.15,30.96,0.19,20.38,15
VIRENDRA SINGH,CHANDAULI,Uttar Pradesh,Lok Sabha,13,49,86345853.0,Aaradhya Enterprises,22.85,15.77,6.12,8.16,9
VISHAL,SANGLI,Maharashtra,Lok Sabha,19,22,21614077.0,GANESH MAJUR SAHAKARI SANSTHALTD LINGNOOR,9.23,5.78,50.0,9.09,0
VISHWESHWAR HEGDE KAGERI,UTTARA KANNADA,Karnataka,Lok Sabha,2,85,34850000.0,ZILLA NIRMITi KENDRA,94.19,89.05,67.06,3.53,18
VIVEK THAKUR,NAWADA,Bihar,Lok Sabha,3,9,6537792.0,ASSISTANT ENGINEER LAEO SHEIKHURA BARBIGHA,71.28,57.39,0.0,44.44,1
Vaithilingam Ve,Puducherry,Puducherry,Lok Sabha,21,27,33557935.0,SHINOJ T A,16.96,8.02,3.7,18.52,0
Vellalath Kochukrishnan Nair Sreekandan,PALAKKAD,Kerala,Lok Sabha,32,127,50584788.0,VISION ELECTRICALS AND ELECTRONICS,31.2,15.85,0.0,1.57,18
Vijay Baghel,DURG,Chhattisgarh,Lok Sabha,86,249,58735103.0,ARHAM CONSTRUCTION,8.31,2.3,76.71,2.41,18
Vijay Kumar Dubey,KUSHI NAGAR,Uttar Pradesh,Lok Sabha,23,324,80256423.0,MAHI ENTERPRISES,66.84,46.56,6.79,0.0,32
Vijay Kumar Hansdak,RAJMAHAL,Jharkhand,Lok Sabha,6,302,28886697.0,AJIT KUMAR,49.5,33.74,41.72,0.0,16
Vinod Chavda,KACHCHH,Gujarat,Lok Sabha,107,127,51201603.0,N K ENGINEERING,7.01,1.47,82.68,6.3,8
Virendra Kumar,TIKAMGARH,Madhya Pradesh,Lok Sabha,177,221,49785240.0,DEEPAK KUMAR SHARMA,7.09,1.74,38.01,3.62,3
Vishnu Dayal Ram,PALAMU,Jharkhand,Lok Sabha,3,333,83852477.0,SITA RAM PATEL,72.44,57.16,26.43,0.3,30
Vishnu Dutt Sharma,KHAJURAHO,Madhya Pradesh,Lok Sabha,20,25,12409947.0,GRAM PANCHAYAT SINGHORA,19.52,8.73,92.0,16.0,2
Y S Avinash Reddy,KADAPA,Andhra Pradesh,Lok Sabha,54,89,41232850.0,KCR CONSTRUCTIONS KADAPA,7.99,3.23,3.37,0.0,14
YADUVEER KRISHNADATTA CHAMARAJA WADIYAR,MYSORE,Karnataka,Lok Sabha,7,178,62346570.0,Mysore Nirmithi Kendra,63.82,46.84,29.21,0.0,33
Yogendra Chandoliya,NORTH WEST DELHI,Delhi,Lok Sabha,8,16,12505354.0,MASTER ELECTRIC STORE,29.84,17.51,0.0,12.5,5
ZIA UR REHMAN,SAMBHAL,Uttar Pradesh,Lok Sabha,6,332,53111753.0,MK INFRATECH,68.11,50.17,0.0,4.82,22
